id,domain,name,city,state,country,industry,employee_count,revenue
1,googol.com,Googol,San Francisco,CA,USA,Healthcare,6837,980773421
2,netflicks.com,Netflicks,Los Gatos,CA,USA,Retail,6322,760395033
3,orange.com,Orange,Cupertino,CA,USA,Technology,3153,404415545
4,jumbohard.com,Jumbohard,Seattle,WA,USA,Retail,5316,787438234
5,airdnt.com,AirDNT,San Francisco,CA,USA,Technology,3320,389281491
6,moore-butler.com,Moore-Butler,Los Angeles,CA,USA,Retail,79,3388925
7,valdezllc.com,ValdezLLC,Los Angeles,CA,USA,Real Estate,71,3048318
8,smithwoodandbaker.com,SmithWoodandBaker,London,England,UK,Education,51,6879123
9,jamescolemanandwilson.com,JamesColemanandWilson,Seattle,WA,USA,Real Estate,43,2347667
10,caldwell-moore.com,Caldwell-Moore,Miami,FL,USA,Education,25,3004633
11,richardsonwilliamsonandmaldonado.com,RichardsonWilliamsonandMaldonado,San Francisco,CA,USA,Manufacturing,17,2927964
12,weaverplc.com,WeaverPLC,San Francisco,CA,USA,Education,26,7013288
13,ortegarussellandbrown.com,OrtegaRussellandBrown,Chicago,IL,USA,Healthcare,33,4224804
14,wheelerrodriguezandwilliams.com,WheelerRodriguezandWilliams,Chicago,IL,USA,Retail,30,8711523
15,hendricks-bowman.com,Hendricks-Bowman,San Francisco,CA,USA,Healthcare,89,804259
16,frenchltd.com,FrenchLtd,San Francisco,CA,USA,Retail,98,8405473
17,wallacetorresandmahoney.com,WallaceTorresandMahoney,Miami,FL,USA,Education,13,463157
18,mckeeinc.com,MckeeInc,Austin,TX,USA,Education,30,5495723
19,graygroup.com,GrayGroup,San Francisco,CA,USA,Retail,19,799279
20,jenkins-solomon.com,Jenkins-Solomon,Chicago,IL,USA,Retail,18,9203298
21,griffinrichardsonandestes.com,GriffinRichardsonandEstes,Austin,TX,USA,Real Estate,26,8129800
22,nashltd.com,NashLtd,Paris,,France,Education,55,1014085
23,rodriguezandsons.com,RodriguezandSons,Paris,,France,Manufacturing,87,4119808
24,stonepenaandpark.com,StonePenaandPark,Boston,MA,USA,Real Estate,85,3731462
25,riley-mccarty.com,Riley-Mccarty,Seattle,WA,USA,Healthcare,97,7164332
26,mcintoshgroup.com,McintoshGroup,Chicago,IL,USA,Retail,88,5225900
27,rodriguez-miller.com,Rodriguez-Miller,Austin,TX,USA,Retail,83,3287215
28,winters-fleming.com,Winters-Fleming,London,England,UK,Retail,15,9717230
29,anderson-wall.com,Anderson-Wall,Chicago,IL,USA,Manufacturing,51,2419945
30,castillodicksonandkeller.com,CastilloDicksonandKeller,Austin,TX,USA,Real Estate,16,8590370
31,mcguireinc.com,McguireInc,Seattle,WA,USA,Healthcare,38,7435958
32,mccall-joyce.com,Mccall-Joyce,Paris,,France,Finance,22,9101762
33,lawsongroup.com,LawsonGroup,Austin,TX,USA,Real Estate,70,6231335
34,rogersltd.com,RogersLtd,Seattle,WA,USA,Retail,96,2312547
35,hays-hodge.com,Hays-Hodge,New York,NY,USA,Education,93,863051
36,snyderltd.com,SnyderLtd,Austin,TX,USA,Finance,63,901191
37,garciaandsons.com,GarciaandSons,Los Angeles,CA,USA,Manufacturing,39,2421540
38,gonzales-owens.com,Gonzales-Owens,Seattle,WA,USA,Finance,8,9461645
39,gallegosgroup.com,GallegosGroup,Paris,,France,Healthcare,65,1707907
40,reedhornandstevens.com,ReedHornandStevens,Seattle,WA,USA,Manufacturing,42,624745
41,massey-vincent.com,Massey-Vincent,Paris,,France,Technology,7,7992381
42,danielsandsons.com,DanielsandSons,Austin,TX,USA,Healthcare,98,1743899
43,moore-foster.com,Moore-Foster,New York,NY,USA,Retail,10,4349241
44,braywilliamsandjensen.com,BrayWilliamsandJensen,London,England,UK,Real Estate,22,5697655
45,smithllc.com,SmithLLC,Paris,,France,Real Estate,20,1461517
46,ortiz-harris.com,Ortiz-Harris,Austin,TX,USA,Education,52,8242299
47,jackson-simmons.com,Jackson-Simmons,Chicago,IL,USA,Real Estate,69,5102349
48,hoffmanfieldsandsantiago.com,HoffmanFieldsandSantiago,Chicago,IL,USA,Finance,78,915170
49,chavezandsons.com,ChavezandSons,Miami,FL,USA,Manufacturing,72,4886736
50,odom-jones.com,Odom-Jones,New York,NY,USA,Real Estate,43,1884446
51,newmanllc.com,NewmanLLC,Boston,MA,USA,Manufacturing,95,1821457
52,charlesandsons.com,CharlesandSons,Chicago,IL,USA,Education,24,9083975
53,pricegroup.com,PriceGroup,Los Angeles,CA,USA,Healthcare,44,6815726
54,leonrhodesandarnold.com,LeonRhodesandArnold,New York,NY,USA,Healthcare,19,1318127
55,parkerwrightandrose.com,ParkerWrightandRose,Miami,FL,USA,Education,16,9895402
56,martinez-farmer.com,Martinez-Farmer,Chicago,IL,USA,Manufacturing,10,2845978
57,rodgers-white.com,Rodgers-White,New York,NY,USA,Technology,25,5732869
58,gomez-alvarado.com,Gomez-Alvarado,Seattle,WA,USA,Manufacturing,16,3274819
59,hunt-ali.com,Hunt-Ali,Boston,MA,USA,Education,54,5919617
60,davis-lynn.com,Davis-Lynn,Chicago,IL,USA,Finance,29,7786968
61,ellis-haynes.com,Ellis-Haynes,Chicago,IL,USA,Healthcare,71,8135074
62,reedandsons.com,ReedandSons,San Francisco,CA,USA,Manufacturing,96,3394063
63,stewartcarsonandevans.com,StewartCarsonandEvans,Los Angeles,CA,USA,Manufacturing,35,8281605
64,sampsonandsons.com,SampsonandSons,Boston,MA,USA,Healthcare,27,3286182
65,clarkinc.com,ClarkInc,Paris,,France,Education,16,9670283
66,sanfordandsons.com,SanfordandSons,Seattle,WA,USA,Technology,64,6468329
67,hillinc.com,HillInc,Austin,TX,USA,Education,90,9259742
68,snyderinc.com,SnyderInc,New York,NY,USA,Education,86,2024777
69,younggibsonanddavis.com,YoungGibsonandDavis,Austin,TX,USA,Technology,91,3139725
70,hickmangroup.com,HickmanGroup,London,England,UK,Retail,16,4455970
71,schmidtltd.com,SchmidtLtd,London,England,UK,Technology,80,2624556
72,vaughninc.com,VaughnInc,Seattle,WA,USA,Healthcare,41,5607846
73,jacksonmckayandallen.com,JacksonMckayandAllen,Miami,FL,USA,Technology,32,3578080
74,taylorplc.com,TaylorPLC,Miami,FL,USA,Retail,38,3752831
75,francis-washington.com,Francis-Washington,Seattle,WA,USA,Education,80,832208
76,robinson-farmer.com,Robinson-Farmer,San Francisco,CA,USA,Healthcare,48,4590668
77,watsongroup.com,WatsonGroup,Seattle,WA,USA,Finance,13,7338047
78,medina-kim.com,Medina-Kim,Austin,TX,USA,Technology,86,4356587
79,mcguiremorganandjones.com,McguireMorganandJones,San Francisco,CA,USA,Healthcare,91,654280
80,jacksongroup.com,JacksonGroup,San Francisco,CA,USA,Education,40,650246
81,perezwallaceandharris.com,PerezWallaceandHarris,New York,NY,USA,Education,29,3277224
82,barnettandersonandfitzpatrick.com,BarnettAndersonandFitzpatrick,San Francisco,CA,USA,Education,55,8665783
83,bryant-smith.com,Bryant-Smith,Boston,MA,USA,Finance,28,9080800
84,blevinsplc.com,BlevinsPLC,Chicago,IL,USA,Healthcare,88,7573885
85,gibson-hudson.com,Gibson-Hudson,Chicago,IL,USA,Retail,40,4921912
86,leepalmerandbenton.com,LeePalmerandBenton,Boston,MA,USA,Real Estate,37,4645971
87,smithbergerandrivers.com,SmithBergerandRivers,Paris,,France,Healthcare,94,5438002
88,nguyeninc.com,NguyenInc,San Francisco,CA,USA,Manufacturing,23,8633514
89,davis-carter.com,Davis-Carter,London,England,UK,Education,22,6919811
90,rowe-barber.com,Rowe-Barber,Boston,MA,USA,Finance,14,4441033
91,davis-valencia.com,Davis-Valencia,London,England,UK,Manufacturing,9,1733160
92,cowanrangelandgillespie.com,CowanRangelandGillespie,Paris,,France,Technology,23,1438267
93,campbellgilbertandkelley.com,CampbellGilbertandKelley,Seattle,WA,USA,Retail,42,7312757
94,meyerwatsonandphillips.com,MeyerWatsonandPhillips,Miami,FL,USA,Manufacturing,88,2686242
95,patton-wilson.com,Patton-Wilson,San Francisco,CA,USA,Retail,21,5278165
96,huffmansandersandwilliams.com,HuffmanSandersandWilliams,London,England,UK,Healthcare,57,1744688
97,clineplc.com,ClinePLC,Austin,TX,USA,Real Estate,95,4596330
98,simpson-mendez.com,Simpson-Mendez,Miami,FL,USA,Healthcare,65,3926054
99,hill-martinez.com,Hill-Martinez,London,England,UK,Retail,22,2923421
100,brewer-schwartz.com,Brewer-Schwartz,Los Angeles,CA,USA,Technology,73,9240020
101,gibsoncarpenterandsmith.com,GibsonCarpenterandSmith,Boston,MA,USA,Technology,80,1827756
102,smithllc.com,SmithLLC,Boston,MA,USA,Education,43,3480187
103,parker-peterson.com,Parker-Peterson,New York,NY,USA,Finance,38,3363167
104,davisscottandsanders.com,DavisScottandSanders,San Francisco,CA,USA,Real Estate,32,4988449
105,powellltd.com,PowellLtd,Austin,TX,USA,Retail,15,3182389
106,cole-moss.com,Cole-Moss,London,England,UK,Healthcare,22,2202158
107,thomasgroup.com,ThomasGroup,London,England,UK,Manufacturing,60,5807190
108,leonardcrawfordandalexander.com,LeonardCrawfordandAlexander,Boston,MA,USA,Healthcare,46,798832
109,dean-turner.com,Dean-Turner,San Francisco,CA,USA,Retail,80,1414325
110,bookergroup.com,BookerGroup,San Francisco,CA,USA,Education,52,8520943
111,davisgroup.com,DavisGroup,Austin,TX,USA,Technology,28,1393129
112,estrada-williams.com,Estrada-Williams,Austin,TX,USA,Healthcare,19,139813
113,mendezshermanandsmith.com,MendezShermanandSmith,Los Angeles,CA,USA,Real Estate,6,3979806
114,rasmussen-patel.com,Rasmussen-Patel,Paris,,France,Retail,7,6982895
115,rollinsmejiaandkim.com,RollinsMejiaandKim,Chicago,IL,USA,Education,56,1137899
116,huangllc.com,HuangLLC,Paris,,France,Technology,92,126789
117,douglasinc.com,DouglasInc,Boston,MA,USA,Technology,96,2816421
118,foleybowmanandjones.com,FoleyBowmanandJones,Seattle,WA,USA,Real Estate,64,5110794
119,reyesdudleyandbaker.com,ReyesDudleyandBaker,London,England,UK,Healthcare,88,9262254
120,lewis-robinson.com,Lewis-Robinson,Chicago,IL,USA,Retail,17,1306443
121,alvarez-jones.com,Alvarez-Jones,London,England,UK,Finance,65,7280116
122,waller-kim.com,Waller-Kim,New York,NY,USA,Education,26,4810938
123,gutierrez-jackson.com,Gutierrez-Jackson,San Francisco,CA,USA,Manufacturing,93,4717421
124,hayesandsons.com,HayesandSons,Los Angeles,CA,USA,Finance,95,7364537
125,wong-alvarez.com,Wong-Alvarez,Austin,TX,USA,Retail,14,5109794
126,longhaleandrhodes.com,LongHaleandRhodes,Chicago,IL,USA,Retail,87,1153712
127,williamsyoungandwalker.com,WilliamsYoungandWalker,Los Angeles,CA,USA,Real Estate,82,1503640
128,perkins-williams.com,Perkins-Williams,London,England,UK,Healthcare,74,6424012
129,hamiltoninc.com,HamiltonInc,Boston,MA,USA,Real Estate,25,331975
130,millergroup.com,MillerGroup,Paris,,France,Manufacturing,62,9006572
131,molina-compton.com,Molina-Compton,Los Angeles,CA,USA,Manufacturing,33,1940485
132,castillo-miller.com,Castillo-Miller,Paris,,France,Real Estate,61,7617487
133,thomasplc.com,ThomasPLC,Paris,,France,Retail,18,7721747
134,cantuschultzandbray.com,CantuSchultzandBray,Paris,,France,Finance,82,6961141
135,patelmooreandcisneros.com,PatelMooreandCisneros,Paris,,France,Technology,80,8461466
136,hendersonconradandanderson.com,HendersonConradandAnderson,Boston,MA,USA,Retail,23,7078281
137,bender-forbes.com,Bender-Forbes,New York,NY,USA,Education,27,9678523
138,elliott-young.com,Elliott-Young,New York,NY,USA,Healthcare,100,1264210
139,ryangroup.com,RyanGroup,Boston,MA,USA,Finance,88,9730909
140,sullivangroup.com,SullivanGroup,San Francisco,CA,USA,Education,46,2516428
141,price-david.com,Price-David,Boston,MA,USA,Technology,99,9552791
142,burns-santiago.com,Burns-Santiago,Paris,,France,Education,78,7605779
143,roseandsons.com,RoseandSons,London,England,UK,Real Estate,68,2966278
144,jenkins-murphy.com,Jenkins-Murphy,Austin,TX,USA,Education,38,3914513
145,smithforbesandguerra.com,SmithForbesandGuerra,London,England,UK,Finance,31,1354061
146,martin-johnson.com,Martin-Johnson,Paris,,France,Healthcare,28,4553347
147,wilsonmoralesandfrost.com,WilsonMoralesandFrost,Boston,MA,USA,Real Estate,32,2679130
148,bean-hebert.com,Bean-Hebert,Los Angeles,CA,USA,Manufacturing,61,7376330
149,phillips-gordon.com,Phillips-Gordon,Miami,FL,USA,Healthcare,19,7135667
150,williamsfergusonandlopez.com,WilliamsFergusonandLopez,Paris,,France,Retail,38,2316814
151,francis-burke.com,Francis-Burke,Austin,TX,USA,Finance,64,7104395
152,martinezplc.com,MartinezPLC,London,England,UK,Education,5,8606322
153,anthonyltd.com,AnthonyLtd,Miami,FL,USA,Retail,14,538337
154,mercadoandsons.com,MercadoandSons,Chicago,IL,USA,Education,82,9287200
155,duncantrujilloandjimenez.com,DuncanTrujilloandJimenez,Los Angeles,CA,USA,Finance,88,8006163
156,snyderhesterandlittle.com,SnyderHesterandLittle,Austin,TX,USA,Real Estate,20,4398526
157,sanchezpachecoandmartin.com,SanchezPachecoandMartin,Miami,FL,USA,Manufacturing,90,6799004
158,masonfordandrichardson.com,MasonFordandRichardson,Paris,,France,Healthcare,83,7425046
159,cordovawarnerandjones.com,CordovaWarnerandJones,New York,NY,USA,Manufacturing,7,374167
160,carpentermartinandmay.com,CarpenterMartinandMay,Los Angeles,CA,USA,Retail,53,5627830
161,scott-hoffman.com,Scott-Hoffman,Boston,MA,USA,Retail,24,6895717
162,boltoncoxandmartinez.com,BoltonCoxandMartinez,Miami,FL,USA,Education,34,1728890
163,bean-malone.com,Bean-Malone,Miami,FL,USA,Healthcare,32,2212143
164,ortiz-black.com,Ortiz-Black,Miami,FL,USA,Finance,85,2199981
165,richltd.com,RichLtd,Boston,MA,USA,Finance,88,9444809
166,reidwuandwilson.com,ReidWuandWilson,Los Angeles,CA,USA,Technology,91,6772464
167,jacksonbaileyandsilva.com,JacksonBaileyandSilva,Seattle,WA,USA,Finance,7,4508979
168,nguyen-curtis.com,Nguyen-Curtis,Chicago,IL,USA,Education,20,6834980
169,jefferson-knight.com,Jefferson-Knight,Miami,FL,USA,Finance,37,6514932
170,gonzales-williams.com,Gonzales-Williams,Miami,FL,USA,Finance,39,9490506
171,carlsongroup.com,CarlsonGroup,Austin,TX,USA,Healthcare,67,9144071
172,savagehollandandcummings.com,SavageHollandandCummings,San Francisco,CA,USA,Retail,52,6899748
173,hallbeckerandmartin.com,HallBeckerandMartin,New York,NY,USA,Retail,62,412180
174,andersonjonesandfletcher.com,AndersonJonesandFletcher,San Francisco,CA,USA,Technology,31,1448039
175,jonesltd.com,JonesLtd,Boston,MA,USA,Education,96,2891240
176,kentstephensandporter.com,KentStephensandPorter,Los Angeles,CA,USA,Finance,27,9302003
177,edwardscarterandcervantes.com,EdwardsCarterandCervantes,Austin,TX,USA,Technology,59,4132225
178,smithgroup.com,SmithGroup,Seattle,WA,USA,Manufacturing,64,2559640
179,lewisrussoandflores.com,LewisRussoandFlores,New York,NY,USA,Real Estate,76,7495590
180,schmitt-hanson.com,Schmitt-Hanson,Paris,,France,Healthcare,20,9089209
181,nolanwilliamsandstrong.com,NolanWilliamsandStrong,San Francisco,CA,USA,Technology,96,442362
182,simpsongomezandcontreras.com,SimpsonGomezandContreras,Austin,TX,USA,Retail,16,7459213
183,taylor-thornton.com,Taylor-Thornton,Miami,FL,USA,Finance,6,3473088
184,jacksongroup.com,JacksonGroup,London,England,UK,Real Estate,39,5159443
185,ericksonfrostandtorres.com,EricksonFrostandTorres,Austin,TX,USA,Technology,70,7471717
186,johnson-hill.com,Johnson-Hill,Paris,,France,Real Estate,63,9465165
187,tategroup.com,TateGroup,Miami,FL,USA,Retail,44,2420289
188,gregoryrichardsonandruiz.com,GregoryRichardsonandRuiz,Miami,FL,USA,Healthcare,63,5333591
189,jones-stanton.com,Jones-Stanton,Chicago,IL,USA,Education,100,3938930
190,stevens-jackson.com,Stevens-Jackson,London,England,UK,Finance,47,6161134
191,allisoninc.com,AllisonInc,Chicago,IL,USA,Retail,63,4685981
192,valenciajohnsonandowens.com,ValenciaJohnsonandOwens,Los Angeles,CA,USA,Retail,9,8031226
193,gutierrezholderandgarcia.com,GutierrezHolderandGarcia,New York,NY,USA,Education,25,8639521
194,floydinc.com,FloydInc,San Francisco,CA,USA,Technology,91,165749
195,jennings-young.com,Jennings-Young,Seattle,WA,USA,Real Estate,25,3468009
196,smithwhiteandmarsh.com,SmithWhiteandMarsh,Paris,,France,Healthcare,93,8216253
197,sheltonblackandsmith.com,SheltonBlackandSmith,London,England,UK,Healthcare,60,8166799
198,green-martinez.com,Green-Martinez,Boston,MA,USA,Retail,37,8302326
199,bakerlittleandcopeland.com,BakerLittleandCopeland,London,England,UK,Real Estate,44,8481085
200,kelly-baker.com,Kelly-Baker,Paris,,France,Education,7,1771091
201,levyplc.com,LevyPLC,New York,NY,USA,Real Estate,59,7703342
202,pagellc.com,PageLLC,New York,NY,USA,Technology,83,6364091
203,jonesandsons.com,JonesandSons,Miami,FL,USA,Manufacturing,26,4147011
204,hughesbakerandmann.com,HughesBakerandMann,New York,NY,USA,Retail,6,7570339
205,millerplc.com,MillerPLC,Los Angeles,CA,USA,Education,76,4161835
206,boydrandallandcurry.com,BoydRandallandCurry,Seattle,WA,USA,Technology,33,7831701
207,ballgroup.com,BallGroup,London,England,UK,Finance,23,7473015
208,wright-wilson.com,Wright-Wilson,Boston,MA,USA,Education,44,494652
209,rodriguez-smith.com,Rodriguez-Smith,Chicago,IL,USA,Finance,26,3795917
210,barajas-martinez.com,Barajas-Martinez,Seattle,WA,USA,Real Estate,26,5931170
211,thomasllc.com,ThomasLLC,Chicago,IL,USA,Education,47,7167778
212,hillinc.com,HillInc,Austin,TX,USA,Technology,18,4347876
213,miller-rice.com,Miller-Rice,San Francisco,CA,USA,Finance,81,9144642
214,martinez-perez.com,Martinez-Perez,Seattle,WA,USA,Healthcare,80,2764574
215,hubbardltd.com,HubbardLtd,Boston,MA,USA,Finance,8,3296879
216,nelsonllc.com,NelsonLLC,Chicago,IL,USA,Healthcare,26,7360652
217,simmonsllc.com,SimmonsLLC,New York,NY,USA,Finance,82,4894949
218,silvaltd.com,SilvaLtd,San Francisco,CA,USA,Finance,9,6917994
219,adamsphillipsandrasmussen.com,AdamsPhillipsandRasmussen,San Francisco,CA,USA,Education,72,9634820
220,whitneycolemanandmckinney.com,WhitneyColemanandMckinney,San Francisco,CA,USA,Manufacturing,88,3293482
221,grayevansandwarner.com,GrayEvansandWarner,Los Angeles,CA,USA,Healthcare,7,4536282
222,brownllc.com,BrownLLC,Miami,FL,USA,Retail,89,2669185
223,williams-wallace.com,Williams-Wallace,New York,NY,USA,Retail,70,3626196
224,stewartllc.com,StewartLLC,Seattle,WA,USA,Manufacturing,30,6607904
225,shawinc.com,ShawInc,Boston,MA,USA,Manufacturing,23,1286466
226,johnsonhesterandwatkins.com,JohnsonHesterandWatkins,Boston,MA,USA,Retail,23,4269058
227,haas-kemp.com,Haas-Kemp,New York,NY,USA,Real Estate,55,9067181
228,austininc.com,AustinInc,Austin,TX,USA,Manufacturing,81,6383938
229,adkinsllc.com,AdkinsLLC,London,England,UK,Real Estate,66,1209339
230,mccoy-smith.com,Mccoy-Smith,Paris,,France,Education,66,9642202
231,oliverltd.com,OliverLtd,San Francisco,CA,USA,Healthcare,10,413273
232,taylorinc.com,TaylorInc,Seattle,WA,USA,Healthcare,46,849102
233,mendozaandsons.com,MendozaandSons,Chicago,IL,USA,Retail,56,793420
234,goodwinterryandbaker.com,GoodwinTerryandBaker,Miami,FL,USA,Finance,80,2502710
235,herringwatkinsandrosales.com,HerringWatkinsandRosales,Paris,,France,Finance,9,9243655
236,russellllc.com,RussellLLC,Austin,TX,USA,Healthcare,100,340878
237,hawkinsbowersandpeterson.com,HawkinsBowersandPeterson,San Francisco,CA,USA,Finance,91,8355990
238,torresllc.com,TorresLLC,San Francisco,CA,USA,Technology,43,2597694
239,schmidtllc.com,SchmidtLLC,Seattle,WA,USA,Healthcare,21,420455
240,carlsoninc.com,CarlsonInc,New York,NY,USA,Technology,33,1316672
241,forbesmillerandnorton.com,ForbesMillerandNorton,Seattle,WA,USA,Education,50,8533153
242,millerplc.com,MillerPLC,Paris,,France,Technology,12,8628145
243,beck-kelley.com,Beck-Kelley,London,England,UK,Education,36,1067361
244,mcintyreinc.com,McintyreInc,Miami,FL,USA,Education,34,8789430
245,loveplc.com,LovePLC,London,England,UK,Retail,26,8443634
246,monroe-miller.com,Monroe-Miller,San Francisco,CA,USA,Finance,72,7996164
247,munozandsons.com,MunozandSons,Austin,TX,USA,Real Estate,19,8501453
248,navarroandsons.com,NavarroandSons,Austin,TX,USA,Healthcare,18,199612
249,clarkandsons.com,ClarkandSons,Los Angeles,CA,USA,Finance,42,4982266
250,hancockllc.com,HancockLLC,Boston,MA,USA,Retail,66,5313906
251,ellisllc.com,EllisLLC,Chicago,IL,USA,Education,73,8556299
252,coffeyllc.com,CoffeyLLC,San Francisco,CA,USA,Healthcare,96,6438350
253,keller-thomas.com,Keller-Thomas,Chicago,IL,USA,Manufacturing,65,6838595
254,frye-perry.com,Frye-Perry,Boston,MA,USA,Retail,55,1293798
255,thompsongroup.com,ThompsonGroup,Miami,FL,USA,Healthcare,72,9287697
256,riceltd.com,RiceLtd,Miami,FL,USA,Real Estate,28,2979972
257,yultd.com,YuLtd,New York,NY,USA,Education,99,8100386
258,scottjohnsonandwright.com,ScottJohnsonandWright,Austin,TX,USA,Education,9,4621185
259,smith-smith.com,Smith-Smith,New York,NY,USA,Real Estate,61,7162112
260,ryan-adams.com,Ryan-Adams,London,England,UK,Healthcare,45,2253744
261,miller-vazquez.com,Miller-Vazquez,New York,NY,USA,Education,61,733118
262,lewis-clements.com,Lewis-Clements,San Francisco,CA,USA,Manufacturing,48,1704773
263,johnsonhunterandperez.com,JohnsonHunterandPerez,Boston,MA,USA,Real Estate,19,5442679
264,bryantgroup.com,BryantGroup,Boston,MA,USA,Healthcare,67,2248174
265,linplc.com,LinPLC,Chicago,IL,USA,Manufacturing,11,9485987
266,clarkecolonandsmith.com,ClarkeColonandSmith,Boston,MA,USA,Real Estate,40,599188
267,singhllc.com,SinghLLC,Austin,TX,USA,Retail,92,4472339
268,wallergrayandcoleman.com,WallerGrayandColeman,Chicago,IL,USA,Manufacturing,24,4762690
269,mendozajacobsandmartinez.com,MendozaJacobsandMartinez,Miami,FL,USA,Healthcare,91,2442134
270,hendersonllc.com,HendersonLLC,Seattle,WA,USA,Real Estate,26,3284638
271,solis-jones.com,Solis-Jones,Chicago,IL,USA,Finance,86,2505892
272,hernandez-brooks.com,Hernandez-Brooks,Chicago,IL,USA,Technology,17,5615149
273,joyceltd.com,JoyceLtd,London,England,UK,Technology,50,4735677
274,bentoncameronandbrown.com,BentonCameronandBrown,Boston,MA,USA,Manufacturing,43,5097697
275,dickerson-stuart.com,Dickerson-Stuart,Seattle,WA,USA,Technology,56,2373146
276,moralesmilesandryan.com,MoralesMilesandRyan,Paris,,France,Real Estate,80,2040414
277,allen-griffith.com,Allen-Griffith,Paris,,France,Education,69,7561318
278,murphyllc.com,MurphyLLC,London,England,UK,Finance,61,2708279
279,robinson-kaufman.com,Robinson-Kaufman,San Francisco,CA,USA,Technology,26,8563023
280,manningplc.com,ManningPLC,Seattle,WA,USA,Technology,64,3330603
281,wells-burgess.com,Wells-Burgess,Austin,TX,USA,Education,52,215350
282,farmertranandpeck.com,FarmerTranandPeck,Seattle,WA,USA,Real Estate,51,4635855
283,vance-hernandez.com,Vance-Hernandez,Austin,TX,USA,Finance,66,8146250
284,gill-brown.com,Gill-Brown,New York,NY,USA,Manufacturing,54,2984153
285,baldwininc.com,BaldwinInc,Seattle,WA,USA,Technology,74,7915611
286,carroll-powell.com,Carroll-Powell,Boston,MA,USA,Manufacturing,12,699443
287,lewisforbesandarnold.com,LewisForbesandArnold,Chicago,IL,USA,Retail,98,6987402
288,hughes-smith.com,Hughes-Smith,Miami,FL,USA,Technology,75,5304805
289,mcguirejensenandvance.com,McguireJensenandVance,San Francisco,CA,USA,Manufacturing,21,5033734
290,williams-nelson.com,Williams-Nelson,Seattle,WA,USA,Finance,80,299529
291,morganandsons.com,MorganandSons,Chicago,IL,USA,Real Estate,26,7940594
292,mullen-lloyd.com,Mullen-Lloyd,Miami,FL,USA,Technology,58,4920557
293,dickersonsmithandjohnson.com,DickersonSmithandJohnson,San Francisco,CA,USA,Retail,81,284523
294,santos-jackson.com,Santos-Jackson,Miami,FL,USA,Real Estate,98,9373387
295,kennedywilliamsandedwards.com,KennedyWilliamsandEdwards,New York,NY,USA,Education,98,2305715
296,mcdonaldstarkandphillips.com,McdonaldStarkandPhillips,Miami,FL,USA,Finance,39,4119967
297,mack-horton.com,Mack-Horton,New York,NY,USA,Technology,63,5877497
298,waltersandsons.com,WaltersandSons,Miami,FL,USA,Healthcare,39,1797339
299,palmerllc.com,PalmerLLC,Chicago,IL,USA,Manufacturing,40,6369009
300,alvaradollc.com,AlvaradoLLC,London,England,UK,Finance,51,7057248
301,snyderltd.com,SnyderLtd,London,England,UK,Technology,43,3194784
302,summersrubioandmitchell.com,SummersRubioandMitchell,London,England,UK,Healthcare,6,7250022
303,jacksonllc.com,JacksonLLC,London,England,UK,Real Estate,90,6538785
304,robertsbatesandburke.com,RobertsBatesandBurke,San Francisco,CA,USA,Finance,65,619431
305,leonardandsons.com,LeonardandSons,San Francisco,CA,USA,Finance,27,7780883
306,berryltd.com,BerryLtd,Miami,FL,USA,Real Estate,89,705821
307,douglas-jones.com,Douglas-Jones,Miami,FL,USA,Manufacturing,100,6440134
308,shepardltd.com,ShepardLtd,Chicago,IL,USA,Finance,28,1423940
309,sloandavisandgregory.com,SloanDavisandGregory,Seattle,WA,USA,Technology,83,4259474
310,alvarado-jones.com,Alvarado-Jones,Miami,FL,USA,Technology,40,349969
311,bennettbrownandwallace.com,BennettBrownandWallace,San Francisco,CA,USA,Technology,57,2650610
312,jones-maddox.com,Jones-Maddox,San Francisco,CA,USA,Healthcare,40,1104471
313,baldwinharrisandluna.com,BaldwinHarrisandLuna,Chicago,IL,USA,Healthcare,84,2802582
314,crossinc.com,CrossInc,Los Angeles,CA,USA,Manufacturing,56,8438096
315,mooreandsons.com,MooreandSons,Miami,FL,USA,Real Estate,51,8371887
316,greenewhiteandwilliams.com,GreeneWhiteandWilliams,Paris,,France,Healthcare,97,3220534
317,green-sims.com,Green-Sims,Paris,,France,Education,63,8155003
318,wilsonsimmonsandflores.com,WilsonSimmonsandFlores,Miami,FL,USA,Healthcare,24,4862153
319,ward-lopez.com,Ward-Lopez,Austin,TX,USA,Manufacturing,82,8790022
320,potterandsons.com,PotterandSons,Paris,,France,Retail,11,8765694
321,wolfalexanderandgarza.com,WolfAlexanderandGarza,Seattle,WA,USA,Finance,20,7276629
322,roberts-todd.com,Roberts-Todd,Boston,MA,USA,Technology,26,5181424
323,cabrera-duran.com,Cabrera-Duran,Boston,MA,USA,Finance,74,1532898
324,thomasprinceandfisher.com,ThomasPrinceandFisher,Miami,FL,USA,Real Estate,79,3325347
325,meltongravesandhill.com,MeltonGravesandHill,Paris,,France,Retail,13,3323491
326,gloverlewisandguerrero.com,GloverLewisandGuerrero,Austin,TX,USA,Retail,38,4919635
327,bauergarciaandmartinez.com,BauerGarciaandMartinez,Paris,,France,Healthcare,21,6670603
328,martinezgroup.com,MartinezGroup,San Francisco,CA,USA,Manufacturing,84,706515
329,castro-esparza.com,Castro-Esparza,New York,NY,USA,Healthcare,60,4942451
330,short-morris.com,Short-Morris,Seattle,WA,USA,Finance,48,7172832
331,shawinc.com,ShawInc,London,England,UK,Manufacturing,48,127669
332,bolton-flowers.com,Bolton-Flowers,London,England,UK,Healthcare,63,4555211
333,clarkegroup.com,ClarkeGroup,London,England,UK,Education,21,9445017
334,wilsonandsons.com,WilsonandSons,New York,NY,USA,Education,56,6466731
335,perrygonzalezandsloan.com,PerryGonzalezandSloan,London,England,UK,Finance,82,1396966
336,parksltd.com,ParksLtd,Miami,FL,USA,Finance,25,9723846
337,santos-castillo.com,Santos-Castillo,London,England,UK,Finance,91,5347548
338,ortizmcintyreandlucero.com,OrtizMcintyreandLucero,Boston,MA,USA,Manufacturing,49,2436706
339,stuart-matthews.com,Stuart-Matthews,San Francisco,CA,USA,Manufacturing,71,9099118
340,smithandsons.com,SmithandSons,New York,NY,USA,Manufacturing,71,8870232
341,nolanclineandjackson.com,NolanClineandJackson,Boston,MA,USA,Healthcare,77,8933314
342,vargasinc.com,VargasInc,Austin,TX,USA,Education,37,1103746
343,garza-howell.com,Garza-Howell,Paris,,France,Manufacturing,57,5673911
344,phillipsbarrandallen.com,PhillipsBarrandAllen,New York,NY,USA,Retail,31,2145936
345,princemooreandwilliams.com,PrinceMooreandWilliams,London,England,UK,Technology,98,1468949
346,pearsongrayandlopez.com,PearsonGrayandLopez,Miami,FL,USA,Retail,36,6258040
347,roach-cooper.com,Roach-Cooper,Boston,MA,USA,Retail,59,2171141
348,cunninghamjohnsonandberry.com,CunninghamJohnsonandBerry,Chicago,IL,USA,Real Estate,91,3529103
349,walkerltd.com,WalkerLtd,Chicago,IL,USA,Real Estate,41,6466874
350,dawsonllc.com,DawsonLLC,Boston,MA,USA,Real Estate,17,3446008
351,suttoninc.com,SuttonInc,Austin,TX,USA,Healthcare,8,6774756
352,higgins-ayala.com,Higgins-Ayala,Los Angeles,CA,USA,Education,19,3666941
353,fowlergroup.com,FowlerGroup,Paris,,France,Retail,82,2655899
354,hesswilliamsonandbeck.com,HessWilliamsonandBeck,Miami,FL,USA,Healthcare,14,2439027
355,mccall-roman.com,Mccall-Roman,Paris,,France,Healthcare,31,5578965
356,moraleslopezandjackson.com,MoralesLopezandJackson,Paris,,France,Retail,80,6041551
357,zimmermanplc.com,ZimmermanPLC,Boston,MA,USA,Real Estate,28,7519680
358,kim-collins.com,Kim-Collins,Los Angeles,CA,USA,Manufacturing,75,9477158
359,longltd.com,LongLtd,Chicago,IL,USA,Finance,28,6103585
360,gutierrezltd.com,GutierrezLtd,New York,NY,USA,Manufacturing,72,5125268
361,brown-rice.com,Brown-Rice,London,England,UK,Manufacturing,26,7355195
362,bennettcarpenterandcochran.com,BennettCarpenterandCochran,Miami,FL,USA,Finance,45,4718998
363,davis-herman.com,Davis-Herman,San Francisco,CA,USA,Retail,94,3636344
364,hahnltd.com,HahnLtd,Miami,FL,USA,Finance,79,9075376
365,mccannwilliamsandyoung.com,MccannWilliamsandYoung,Paris,,France,Real Estate,44,1974752
366,hernandez-johnson.com,Hernandez-Johnson,New York,NY,USA,Real Estate,25,481863
367,fitzpatrickandsons.com,FitzpatrickandSons,Chicago,IL,USA,Retail,17,1624834
368,morrisinc.com,MorrisInc,Austin,TX,USA,Manufacturing,54,6310069
369,davenportshieldsandkramer.com,DavenportShieldsandKramer,London,England,UK,Real Estate,22,798369
370,golden-fisher.com,Golden-Fisher,Los Angeles,CA,USA,Finance,9,7219734
371,snydercunninghamandrichardson.com,SnyderCunninghamandRichardson,Paris,,France,Finance,56,4620537
372,duffyandsons.com,DuffyandSons,London,England,UK,Technology,80,3428005
373,millerllc.com,MillerLLC,London,England,UK,Manufacturing,69,5145672
374,willispriceandflores.com,WillisPriceandFlores,Boston,MA,USA,Healthcare,44,7225983
375,stoutsandersandmcknight.com,StoutSandersandMcknight,New York,NY,USA,Retail,8,1734274
376,davisleeandhaley.com,DavisLeeandHaley,Boston,MA,USA,Manufacturing,97,4812890
377,bennettllc.com,BennettLLC,Austin,TX,USA,Education,36,1171716
378,fleming-martinez.com,Fleming-Martinez,Paris,,France,Real Estate,29,9188128
379,leeinc.com,LeeInc,Paris,,France,Healthcare,59,9684119
380,mccormickltd.com,MccormickLtd,London,England,UK,Healthcare,98,8736116
381,jackson-myers.com,Jackson-Myers,London,England,UK,Healthcare,9,7062392
382,warnerwuandanderson.com,WarnerWuandAnderson,Miami,FL,USA,Finance,99,6516027
383,ramosplc.com,RamosPLC,San Francisco,CA,USA,Retail,39,3566796
384,smith-parks.com,Smith-Parks,London,England,UK,Finance,62,1705226
385,harrismeyerandharmon.com,HarrisMeyerandHarmon,Chicago,IL,USA,Technology,100,8287486
386,hollowayhicksandthompson.com,HollowayHicksandThompson,San Francisco,CA,USA,Finance,24,4734310
387,mcdaniel-alexander.com,Mcdaniel-Alexander,Austin,TX,USA,Healthcare,54,6634611
388,cookhendersonandmorales.com,CookHendersonandMorales,London,England,UK,Real Estate,57,1332893
389,jones-weaver.com,Jones-Weaver,Seattle,WA,USA,Finance,51,2120499
390,smithspencerandgregory.com,SmithSpencerandGregory,London,England,UK,Healthcare,48,6082998
391,bellplc.com,BellPLC,Miami,FL,USA,Real Estate,42,7913094
392,wilsongroup.com,WilsonGroup,New York,NY,USA,Finance,56,5897241
393,david-stevens.com,David-Stevens,Boston,MA,USA,Finance,83,3573260
394,hendersongonzalesandjohnson.com,HendersonGonzalesandJohnson,Austin,TX,USA,Real Estate,71,7561454
395,masonllc.com,MasonLLC,Austin,TX,USA,Finance,44,6464267
396,mahoneyharrisandhaynes.com,MahoneyHarrisandHaynes,Chicago,IL,USA,Retail,15,4895657
397,serranoplc.com,SerranoPLC,New York,NY,USA,Technology,55,1756481
398,kelly-jones.com,Kelly-Jones,Austin,TX,USA,Healthcare,21,7320118
399,reed-baker.com,Reed-Baker,Seattle,WA,USA,Real Estate,29,8373890
400,wellsandsons.com,WellsandSons,Chicago,IL,USA,Technology,64,1856584
401,barajascastilloandmoore.com,BarajasCastilloandMoore,Paris,,France,Retail,10,1757037
402,gutierrezinc.com,GutierrezInc,New York,NY,USA,Manufacturing,22,9873502
403,calderongrayandbaker.com,CalderonGrayandBaker,London,England,UK,Finance,17,8661247
404,lopez-walker.com,Lopez-Walker,Paris,,France,Real Estate,26,5745309
405,shieldsgroup.com,ShieldsGroup,New York,NY,USA,Manufacturing,35,1976291
406,williamslesterandchambers.com,WilliamsLesterandChambers,Miami,FL,USA,Education,19,2320107
407,ewingandsons.com,EwingandSons,Seattle,WA,USA,Healthcare,94,7637670
408,mclaughlinjohnsonandlee.com,MclaughlinJohnsonandLee,Austin,TX,USA,Healthcare,48,7252455
409,davisbowmanandpalmer.com,DavisBowmanandPalmer,Boston,MA,USA,Healthcare,62,6519855
410,morgangroup.com,MorganGroup,New York,NY,USA,Healthcare,56,8803655
411,wilkinshessandhoward.com,WilkinsHessandHoward,Boston,MA,USA,Real Estate,66,4560939
412,allenhardyandcox.com,AllenHardyandCox,Seattle,WA,USA,Technology,51,3963966
413,sloanmorrisandkelley.com,SloanMorrisandKelley,Seattle,WA,USA,Manufacturing,56,5909047
414,petersonplc.com,PetersonPLC,Los Angeles,CA,USA,Education,31,8873425
415,thorntonmartinezandrobinson.com,ThorntonMartinezandRobinson,Los Angeles,CA,USA,Manufacturing,69,1723152
416,johnson-marks.com,Johnson-Marks,Miami,FL,USA,Technology,93,3008122
417,perkinsplc.com,PerkinsPLC,Miami,FL,USA,Finance,57,1742105
418,hubercardenasandross.com,HuberCardenasandRoss,Austin,TX,USA,Retail,80,3950393
419,jones-shaw.com,Jones-Shaw,London,England,UK,Manufacturing,87,7289122
420,wugutierrezandwang.com,WuGutierrezandWang,Los Angeles,CA,USA,Real Estate,92,5766498
421,hallreedandlopez.com,HallReedandLopez,Seattle,WA,USA,Manufacturing,11,6628996
422,diazllc.com,DiazLLC,Boston,MA,USA,Manufacturing,11,1690702
423,baxterltd.com,BaxterLtd,Seattle,WA,USA,Education,100,4172028
424,ali-jones.com,Ali-Jones,Boston,MA,USA,Real Estate,72,820127
425,gutierrez-gutierrez.com,Gutierrez-Gutierrez,Miami,FL,USA,Retail,91,7513833
426,cochranrandallandparks.com,CochranRandallandParks,Seattle,WA,USA,Education,73,3953182
427,weber-atkins.com,Weber-Atkins,Miami,FL,USA,Healthcare,98,2339452
428,brownrobinsonandramos.com,BrownRobinsonandRamos,Boston,MA,USA,Finance,48,7351254
429,goodwinkingandsanchez.com,GoodwinKingandSanchez,Paris,,France,Manufacturing,69,4601761
430,garciadavidsonandknight.com,GarciaDavidsonandKnight,Los Angeles,CA,USA,Real Estate,56,4753616
431,allen-brooks.com,Allen-Brooks,Seattle,WA,USA,Finance,48,7463654
432,ramosandsons.com,RamosandSons,New York,NY,USA,Retail,26,4634653
433,moreno-henderson.com,Moreno-Henderson,London,England,UK,Finance,61,2946329
434,carroll-williams.com,Carroll-Williams,London,England,UK,Retail,15,1517296
435,mahoneywalshandgonzales.com,MahoneyWalshandGonzales,Miami,FL,USA,Manufacturing,86,4990611
436,gutierrez-huff.com,Gutierrez-Huff,Paris,,France,Real Estate,20,8066990
437,adams-sanders.com,Adams-Sanders,Miami,FL,USA,Manufacturing,46,4940067
438,williams-evans.com,Williams-Evans,Boston,MA,USA,Technology,99,3981622
439,kane-vargas.com,Kane-Vargas,New York,NY,USA,Finance,55,5097118
440,smith-johnson.com,Smith-Johnson,Chicago,IL,USA,Retail,80,8378370
441,rosales-miller.com,Rosales-Miller,London,England,UK,Healthcare,24,3289078
442,terrellrileyandrivera.com,TerrellRileyandRivera,Miami,FL,USA,Education,52,3814395
443,kim-lopez.com,Kim-Lopez,Los Angeles,CA,USA,Healthcare,52,6532889
444,matthews-garcia.com,Matthews-Garcia,San Francisco,CA,USA,Healthcare,35,506460
445,mcdowellandsons.com,McdowellandSons,Austin,TX,USA,Finance,78,4682053
446,torresfrazierandbrewer.com,TorresFrazierandBrewer,Paris,,France,Healthcare,28,5947622
447,cunninghamrangelandmcdonald.com,CunninghamRangelandMcdonald,Paris,,France,Retail,68,5061504
448,thomasjimenezandbrown.com,ThomasJimenezandBrown,Seattle,WA,USA,Healthcare,43,1696380
449,torres-rodriguez.com,Torres-Rodriguez,San Francisco,CA,USA,Real Estate,21,2732226
450,maddenlinandcrawford.com,MaddenLinandCrawford,Chicago,IL,USA,Healthcare,74,546808
451,mosley-clark.com,Mosley-Clark,Chicago,IL,USA,Education,67,8226915
452,williamsplc.com,WilliamsPLC,San Francisco,CA,USA,Technology,52,5708728
453,taylor-malone.com,Taylor-Malone,New York,NY,USA,Real Estate,61,9528852
454,stewartosborneandatkins.com,StewartOsborneandAtkins,London,England,UK,Education,70,5882493
455,adkinsmitchellandspears.com,AdkinsMitchellandSpears,Paris,,France,Manufacturing,77,3267445
456,mendozaandsons.com,MendozaandSons,Miami,FL,USA,Finance,79,9576715
457,livingston-riley.com,Livingston-Riley,Austin,TX,USA,Finance,34,5102999
458,wilson-williams.com,Wilson-Williams,Paris,,France,Manufacturing,60,5026019
459,ferrellllc.com,FerrellLLC,London,England,UK,Healthcare,36,3005144
460,olivermartinezandturner.com,OliverMartinezandTurner,Paris,,France,Real Estate,27,9623205
461,walshandsons.com,WalshandSons,Chicago,IL,USA,Manufacturing,28,3109174
462,davisltd.com,DavisLtd,Chicago,IL,USA,Retail,17,7583912
463,garcialtd.com,GarciaLtd,Los Angeles,CA,USA,Healthcare,89,6808158
464,figueroa-cook.com,Figueroa-Cook,Los Angeles,CA,USA,Manufacturing,19,8432768
465,moorekirbyandtucker.com,MooreKirbyandTucker,London,England,UK,Healthcare,56,7600841
466,valenzuela-hunt.com,Valenzuela-Hunt,London,England,UK,Manufacturing,46,1962823
467,shepherd-payne.com,Shepherd-Payne,Seattle,WA,USA,Real Estate,100,5197540
468,hunter-moore.com,Hunter-Moore,Los Angeles,CA,USA,Education,36,2575110
469,velasquezmartinandthomas.com,VelasquezMartinandThomas,San Francisco,CA,USA,Education,22,2322774
470,nguyendavilaandphillips.com,NguyenDavilaandPhillips,Paris,,France,Finance,95,7074470
471,frenchtaylorandnoble.com,FrenchTaylorandNoble,San Francisco,CA,USA,Finance,61,9681901
472,salazarleeandallen.com,SalazarLeeandAllen,Paris,,France,Real Estate,82,6970787
473,carter-fleming.com,Carter-Fleming,San Francisco,CA,USA,Real Estate,37,3488221
474,johnson-jordan.com,Johnson-Jordan,Austin,TX,USA,Real Estate,99,6843811
475,mcdonald-hudson.com,Mcdonald-Hudson,Los Angeles,CA,USA,Manufacturing,65,3419127
476,west-schneider.com,West-Schneider,Miami,FL,USA,Technology,66,5763388
477,cooke-shaw.com,Cooke-Shaw,Boston,MA,USA,Healthcare,16,266833
478,baileyllc.com,BaileyLLC,Austin,TX,USA,Education,66,5165182
479,haasgroup.com,HaasGroup,Boston,MA,USA,Education,42,4506737
480,gill-perry.com,Gill-Perry,Chicago,IL,USA,Healthcare,12,6374901
481,taylorplc.com,TaylorPLC,New York,NY,USA,Real Estate,32,6039327
482,chapman-nunez.com,Chapman-Nunez,London,England,UK,Real Estate,28,8235847
483,ramirez-fitzgerald.com,Ramirez-Fitzgerald,Seattle,WA,USA,Technology,96,7707309
484,cabrera-adams.com,Cabrera-Adams,Miami,FL,USA,Finance,40,8735249
485,rodriguezandsons.com,RodriguezandSons,Austin,TX,USA,Healthcare,20,3375232
486,daniels-cunningham.com,Daniels-Cunningham,New York,NY,USA,Real Estate,76,7539808
487,morales-miles.com,Morales-Miles,Paris,,France,Real Estate,89,7530350
488,watkins-morse.com,Watkins-Morse,Austin,TX,USA,Real Estate,42,4514390
489,longsmithandbyrd.com,LongSmithandByrd,Los Angeles,CA,USA,Retail,70,9476023
490,lloyd-jacobs.com,Lloyd-Jacobs,Paris,,France,Technology,66,1007386
491,cohensotoandjones.com,CohenSotoandJones,Paris,,France,Retail,92,1104906
492,miller-aguilar.com,Miller-Aguilar,Austin,TX,USA,Retail,85,2128263
493,hayneswillisandjones.com,HaynesWillisandJones,Los Angeles,CA,USA,Healthcare,27,3651025
494,wangplc.com,WangPLC,Austin,TX,USA,Technology,40,5465933
495,hoodmartinandscott.com,HoodMartinandScott,Austin,TX,USA,Education,22,2977385
496,graves-flores.com,Graves-Flores,Seattle,WA,USA,Technology,18,6504234
497,dennissalazaranddiaz.com,DennisSalazarandDiaz,Paris,,France,Education,81,2476325
498,burch-norman.com,Burch-Norman,Austin,TX,USA,Technology,18,9181405
499,paynellc.com,PayneLLC,Austin,TX,USA,Finance,44,9244194
500,jacobsondavisandthompson.com,JacobsonDavisandThompson,San Francisco,CA,USA,Real Estate,99,2004341
501,wolfejarvisandrobinson.com,WolfeJarvisandRobinson,Chicago,IL,USA,Finance,63,3859788
502,stewart-clay.com,Stewart-Clay,Chicago,IL,USA,Healthcare,20,6248649
503,martinezperryandlyons.com,MartinezPerryandLyons,Chicago,IL,USA,Technology,7,3641222
504,gomezltd.com,GomezLtd,San Francisco,CA,USA,Manufacturing,15,490735
505,lozanoevansandpeck.com,LozanoEvansandPeck,New York,NY,USA,Finance,59,7551157
506,spence-mckee.com,Spence-Mckee,Los Angeles,CA,USA,Education,50,7149884
507,bradshawgroup.com,BradshawGroup,San Francisco,CA,USA,Healthcare,27,9585085
508,mcdowellelliottandbyrd.com,McdowellElliottandByrd,Boston,MA,USA,Real Estate,26,5071682
509,williamswilliamsandolsen.com,WilliamsWilliamsandOlsen,Paris,,France,Technology,27,5371356
510,harperandsons.com,HarperandSons,San Francisco,CA,USA,Retail,21,6952794
511,morenomooreandanderson.com,MorenoMooreandAnderson,Miami,FL,USA,Technology,23,8196424
512,rossllc.com,RossLLC,New York,NY,USA,Technology,67,2861645
513,johnson-nelson.com,Johnson-Nelson,Boston,MA,USA,Healthcare,23,3362667
514,meyergroup.com,MeyerGroup,New York,NY,USA,Education,46,9502013
515,miller-hoffman.com,Miller-Hoffman,Seattle,WA,USA,Real Estate,74,2555013
516,anderson-lara.com,Anderson-Lara,Miami,FL,USA,Manufacturing,38,2972499
517,kelly-reynolds.com,Kelly-Reynolds,Boston,MA,USA,Real Estate,76,5251813
518,morganhayesandwalton.com,MorganHayesandWalton,Los Angeles,CA,USA,Real Estate,5,2728958
519,walkerwardandjackson.com,WalkerWardandJackson,Paris,,France,Healthcare,26,9413870
520,jensenjacobsandosborne.com,JensenJacobsandOsborne,Chicago,IL,USA,Education,22,937103
521,lowe-kim.com,Lowe-Kim,Paris,,France,Real Estate,83,2379145
522,millercrawfordandjenkins.com,MillerCrawfordandJenkins,London,England,UK,Manufacturing,20,8361252
523,ortiz-peterson.com,Ortiz-Peterson,Chicago,IL,USA,Manufacturing,25,4000196
524,thomascarterandwilliams.com,ThomasCarterandWilliams,New York,NY,USA,Manufacturing,97,8730606
525,ruiz-rhodes.com,Ruiz-Rhodes,Boston,MA,USA,Finance,84,2176268
526,williamsplc.com,WilliamsPLC,Miami,FL,USA,Retail,69,9033749
527,wileyhannaandpalmer.com,WileyHannaandPalmer,Boston,MA,USA,Manufacturing,17,4563389
528,williams-james.com,Williams-James,Chicago,IL,USA,Real Estate,29,156645
529,ewingvaldezandaustin.com,EwingValdezandAustin,Seattle,WA,USA,Manufacturing,83,6942923
530,payne-cruz.com,Payne-Cruz,New York,NY,USA,Finance,10,4074462
531,vaughn-russell.com,Vaughn-Russell,Miami,FL,USA,Finance,37,8376464
532,walllunaandblack.com,WallLunaandBlack,Miami,FL,USA,Healthcare,97,5813010
533,rasmussenporterandking.com,RasmussenPorterandKing,Boston,MA,USA,Technology,36,7407536
534,harrisltd.com,HarrisLtd,Paris,,France,Education,74,6870565
535,brennan-moreno.com,Brennan-Moreno,Miami,FL,USA,Real Estate,29,1731938
536,jimenezplc.com,JimenezPLC,Boston,MA,USA,Manufacturing,88,1325740
537,nguyenbergandpaul.com,NguyenBergandPaul,Miami,FL,USA,Finance,34,5089586
538,anderson-greene.com,Anderson-Greene,Boston,MA,USA,Technology,17,3077441
539,larsen-campbell.com,Larsen-Campbell,Austin,TX,USA,Technology,63,1628157
540,parkerrochaandgallagher.com,ParkerRochaandGallagher,Boston,MA,USA,Manufacturing,67,995513
541,georgedavidsonandwilliams.com,GeorgeDavidsonandWilliams,Austin,TX,USA,Manufacturing,44,4412201
542,solis-holt.com,Solis-Holt,Los Angeles,CA,USA,Finance,36,1292610
543,briggsltd.com,BriggsLtd,Austin,TX,USA,Retail,62,9186743
544,collinsplc.com,CollinsPLC,Miami,FL,USA,Real Estate,84,7860092
545,wintersandsons.com,WintersandSons,Miami,FL,USA,Finance,90,4623551
546,leachsingletonandtaylor.com,LeachSingletonandTaylor,Los Angeles,CA,USA,Healthcare,50,5190304
547,freyinc.com,FreyInc,London,England,UK,Real Estate,19,7693925
548,davisinc.com,DavisInc,Boston,MA,USA,Retail,70,4518249
549,leongravesanddavis.com,LeonGravesandDavis,Los Angeles,CA,USA,Healthcare,54,871280
550,serranosilvaandhodge.com,SerranoSilvaandHodge,San Francisco,CA,USA,Education,83,273499
551,jenningsltd.com,JenningsLtd,New York,NY,USA,Healthcare,24,4412866
552,thompson-rose.com,Thompson-Rose,Seattle,WA,USA,Manufacturing,30,2673919
553,suttongroup.com,SuttonGroup,Los Angeles,CA,USA,Healthcare,49,6009648
554,phillips-thomas.com,Phillips-Thomas,New York,NY,USA,Technology,11,4813635
555,willisgroup.com,WillisGroup,Boston,MA,USA,Retail,49,5375187
556,masonandsons.com,MasonandSons,Boston,MA,USA,Technology,72,6694228
557,gonzalez-baker.com,Gonzalez-Baker,San Francisco,CA,USA,Education,27,7529745
558,shafferandsons.com,ShafferandSons,Chicago,IL,USA,Real Estate,36,467659
559,peters-kelly.com,Peters-Kelly,Paris,,France,Education,88,6925085
560,wadeandsons.com,WadeandSons,New York,NY,USA,Technology,43,9291300
561,garciallc.com,GarciaLLC,Chicago,IL,USA,Real Estate,57,589067
562,gonzales-dixon.com,Gonzales-Dixon,Seattle,WA,USA,Retail,89,3042984
563,salasmartinandcole.com,SalasMartinandCole,San Francisco,CA,USA,Finance,82,158984
564,allen-anderson.com,Allen-Anderson,Seattle,WA,USA,Real Estate,84,4088709
565,humphrey-garcia.com,Humphrey-Garcia,San Francisco,CA,USA,Education,70,5772408
566,simpsongroup.com,SimpsonGroup,Los Angeles,CA,USA,Manufacturing,79,2835845
567,flynn-smith.com,Flynn-Smith,Boston,MA,USA,Healthcare,44,8838794
568,gordonltd.com,GordonLtd,Miami,FL,USA,Finance,63,9771226
569,arroyoquinnandarnold.com,ArroyoQuinnandArnold,Miami,FL,USA,Retail,86,1884389
570,smithllc.com,SmithLLC,New York,NY,USA,Finance,13,7174063
571,shea-munoz.com,Shea-Munoz,Austin,TX,USA,Education,65,5559670
572,barron-roberts.com,Barron-Roberts,Paris,,France,Retail,47,298009
573,stephenson-lewis.com,Stephenson-Lewis,New York,NY,USA,Manufacturing,44,8572522
574,lopez-fisher.com,Lopez-Fisher,Boston,MA,USA,Technology,100,3792773
575,smith-smith.com,Smith-Smith,Miami,FL,USA,Manufacturing,73,9328681
576,jordaninc.com,JordanInc,San Francisco,CA,USA,Technology,54,3016896
577,ramirezolsenandphillips.com,RamirezOlsenandPhillips,San Francisco,CA,USA,Healthcare,14,4709949
578,martinandsons.com,MartinandSons,Los Angeles,CA,USA,Education,95,3608804
579,matthews-dixon.com,Matthews-Dixon,New York,NY,USA,Healthcare,62,1012099
580,henson-velazquez.com,Henson-Velazquez,Seattle,WA,USA,Retail,92,8938739
581,allisonltd.com,AllisonLtd,Austin,TX,USA,Retail,47,3606928
582,reynoldsandsons.com,ReynoldsandSons,Austin,TX,USA,Manufacturing,39,8785750
583,hallyoungandjones.com,HallYoungandJones,London,England,UK,Education,71,3290968
584,rogers-pham.com,Rogers-Pham,Chicago,IL,USA,Technology,5,5175931
585,wagner-martin.com,Wagner-Martin,Boston,MA,USA,Manufacturing,8,6877686
586,mayburkeandscott.com,MayBurkeandScott,Chicago,IL,USA,Healthcare,30,5459931
587,rhodesplc.com,RhodesPLC,Miami,FL,USA,Education,44,8645631
588,zimmerman-collins.com,Zimmerman-Collins,Paris,,France,Retail,16,130594
589,wilson-taylor.com,Wilson-Taylor,San Francisco,CA,USA,Education,5,6854633
590,howe-parker.com,Howe-Parker,Los Angeles,CA,USA,Education,90,2989143
591,walshnunezandjones.com,WalshNunezandJones,San Francisco,CA,USA,Finance,80,6113079
592,hill-hall.com,Hill-Hall,London,England,UK,Real Estate,86,8751128
593,hughessmithandshepard.com,HughesSmithandShepard,Seattle,WA,USA,Healthcare,56,437265
594,gomezriveraandbishop.com,GomezRiveraandBishop,Seattle,WA,USA,Manufacturing,41,7335933
595,lindseydawsonandyoung.com,LindseyDawsonandYoung,Miami,FL,USA,Education,40,5442503
596,soto-hernandez.com,Soto-Hernandez,Paris,,France,Real Estate,68,6773287
597,christianandsons.com,ChristianandSons,Chicago,IL,USA,Real Estate,54,6182509
598,lambertinc.com,LambertInc,Seattle,WA,USA,Healthcare,37,3817274
599,burgess-peters.com,Burgess-Peters,New York,NY,USA,Technology,10,4454354
600,clark-moore.com,Clark-Moore,Boston,MA,USA,Manufacturing,93,4136965
601,mills-barnes.com,Mills-Barnes,Los Angeles,CA,USA,Finance,75,7430547
602,delacruz-jennings.com,Delacruz-Jennings,New York,NY,USA,Manufacturing,32,2391817
603,torrescaseandshepherd.com,TorresCaseandShepherd,Seattle,WA,USA,Healthcare,30,7909720
604,fernandezgroup.com,FernandezGroup,London,England,UK,Technology,100,6949216
605,smithllc.com,SmithLLC,Paris,,France,Retail,14,914120
606,christensensnowandhardy.com,ChristensenSnowandHardy,New York,NY,USA,Technology,40,2980445
607,simpson-bennett.com,Simpson-Bennett,London,England,UK,Manufacturing,19,3963911
608,hendersontravisandgreer.com,HendersonTravisandGreer,New York,NY,USA,Education,20,2601138
609,elliottltd.com,ElliottLtd,San Francisco,CA,USA,Retail,59,1213861
610,clark-gray.com,Clark-Gray,Paris,,France,Manufacturing,97,2804134
611,davisvincentandwilson.com,DavisVincentandWilson,Chicago,IL,USA,Healthcare,11,9010221
612,davisplc.com,DavisPLC,Miami,FL,USA,Manufacturing,86,9175042
613,stonehendricksandsoto.com,StoneHendricksandSoto,Paris,,France,Healthcare,5,8918949
614,hutchinsonwestandhouston.com,HutchinsonWestandHouston,New York,NY,USA,Technology,54,4313740
615,spencergroup.com,SpencerGroup,New York,NY,USA,Finance,51,9368002
616,carrjensenandmartin.com,CarrJensenandMartin,Miami,FL,USA,Technology,89,4399295
617,donaldson-gilmore.com,Donaldson-Gilmore,Paris,,France,Retail,29,4819852
618,smithandsons.com,SmithandSons,Seattle,WA,USA,Manufacturing,85,4555818
619,jonesevansandlewis.com,JonesEvansandLewis,Miami,FL,USA,Retail,35,1334675
620,cruzandsons.com,CruzandSons,Boston,MA,USA,Technology,18,6665877
621,austingonzalezandmorrison.com,AustinGonzalezandMorrison,San Francisco,CA,USA,Retail,84,6213307
622,dunn-mitchell.com,Dunn-Mitchell,Paris,,France,Education,41,1996419
623,schmidtfranklinandgolden.com,SchmidtFranklinandGolden,Los Angeles,CA,USA,Finance,42,6440672
624,carpenter-gilbert.com,Carpenter-Gilbert,Los Angeles,CA,USA,Retail,24,3273490
625,robinsonmillerandjohnson.com,RobinsonMillerandJohnson,Austin,TX,USA,Finance,9,3865205
626,webb-benitez.com,Webb-Benitez,Miami,FL,USA,Real Estate,9,2748335
627,cookandsons.com,CookandSons,Los Angeles,CA,USA,Technology,48,941776
628,mullenhaynesandlucero.com,MullenHaynesandLucero,Chicago,IL,USA,Education,84,6789428
629,robinsonplc.com,RobinsonPLC,Boston,MA,USA,Retail,52,6658071
630,santiagoltd.com,SantiagoLtd,Los Angeles,CA,USA,Technology,23,3331295
631,braunandsons.com,BraunandSons,London,England,UK,Technology,84,4008513
632,grimes-howard.com,Grimes-Howard,Boston,MA,USA,Manufacturing,80,7629722
633,vaughn-rodriguez.com,Vaughn-Rodriguez,London,England,UK,Retail,64,1166192
634,petersonjonesandtucker.com,PetersonJonesandTucker,London,England,UK,Manufacturing,86,7432090
635,morrow-stephens.com,Morrow-Stephens,Boston,MA,USA,Retail,37,9433581
636,golden-pratt.com,Golden-Pratt,Miami,FL,USA,Technology,63,4197013
637,arnoldinc.com,ArnoldInc,Boston,MA,USA,Healthcare,64,5468822
638,richardson-walker.com,Richardson-Walker,Paris,,France,Technology,68,7951289
639,rhodes-myers.com,Rhodes-Myers,Austin,TX,USA,Finance,31,8007545
640,wardobrienandmorales.com,WardObrienandMorales,Los Angeles,CA,USA,Healthcare,94,5054406
641,west-gonzales.com,West-Gonzales,Los Angeles,CA,USA,Retail,84,7959488
642,ewingllc.com,EwingLLC,Seattle,WA,USA,Finance,89,3878291
643,huntfloresandhernandez.com,HuntFloresandHernandez,Seattle,WA,USA,Retail,95,279390
644,jacobschapmanandpham.com,JacobsChapmanandPham,San Francisco,CA,USA,Education,82,8855108
645,espinozamendezanddunlap.com,EspinozaMendezandDunlap,Seattle,WA,USA,Manufacturing,55,5460396
646,hendrixandsons.com,HendrixandSons,London,England,UK,Finance,30,8114014
647,fryinc.com,FryInc,London,England,UK,Manufacturing,53,6346915
648,carter-sellers.com,Carter-Sellers,New York,NY,USA,Technology,89,5097147
649,torresltd.com,TorresLtd,New York,NY,USA,Finance,18,6563031
650,perez-copeland.com,Perez-Copeland,Austin,TX,USA,Finance,31,2807577
651,escobar-thomas.com,Escobar-Thomas,New York,NY,USA,Finance,92,7192682
652,ferguson-kelly.com,Ferguson-Kelly,Chicago,IL,USA,Real Estate,85,4340854
653,tanner-aguilar.com,Tanner-Aguilar,Seattle,WA,USA,Technology,55,7928179
654,olsongroup.com,OlsonGroup,Seattle,WA,USA,Technology,92,1172596
655,santosinc.com,SantosInc,New York,NY,USA,Manufacturing,53,4239838
656,chavezorozcoandrivera.com,ChavezOrozcoandRivera,Austin,TX,USA,Finance,21,9312156
657,stoneinc.com,StoneInc,Chicago,IL,USA,Manufacturing,92,2323907
658,wrightandsons.com,WrightandSons,Austin,TX,USA,Retail,35,4990762
659,watsonllc.com,WatsonLLC,Los Angeles,CA,USA,Manufacturing,13,9561300
660,armstrong-schwartz.com,Armstrong-Schwartz,Boston,MA,USA,Manufacturing,80,685245
661,smith-french.com,Smith-French,Seattle,WA,USA,Finance,34,4900484
662,johnsoninc.com,JohnsonInc,New York,NY,USA,Education,72,4225827
663,smith-johnston.com,Smith-Johnston,Miami,FL,USA,Finance,42,8855843
664,wagner-cox.com,Wagner-Cox,London,England,UK,Finance,60,9305981
665,pageandsons.com,PageandSons,London,England,UK,Healthcare,28,9749455
666,garzabellandcole.com,GarzaBellandCole,Los Angeles,CA,USA,Retail,37,2613588
667,mosley-perez.com,Mosley-Perez,Seattle,WA,USA,Real Estate,67,5177873
668,hernandezplc.com,HernandezPLC,New York,NY,USA,Education,95,6802575
669,shawltd.com,ShawLtd,Paris,,France,Healthcare,31,3019994
670,lang-allen.com,Lang-Allen,Los Angeles,CA,USA,Real Estate,69,3518125
671,brown-gibson.com,Brown-Gibson,San Francisco,CA,USA,Finance,65,6175152
672,wheelergroup.com,WheelerGroup,Paris,,France,Education,27,4231225
673,johnsongroup.com,JohnsonGroup,Los Angeles,CA,USA,Finance,9,4027053
674,lopezchandlerandlang.com,LopezChandlerandLang,Seattle,WA,USA,Healthcare,23,785283
675,bird-copeland.com,Bird-Copeland,Miami,FL,USA,Education,6,4780119
676,oconnorhamiltonandbooker.com,OconnorHamiltonandBooker,Austin,TX,USA,Healthcare,92,8937372
677,butler-ward.com,Butler-Ward,San Francisco,CA,USA,Manufacturing,7,1143006
678,johnsoninc.com,JohnsonInc,Miami,FL,USA,Education,34,5426933
679,hill-dennis.com,Hill-Dennis,New York,NY,USA,Retail,87,4933058
680,alexanderltd.com,AlexanderLtd,Austin,TX,USA,Real Estate,28,1956706
681,gardner-bell.com,Gardner-Bell,Los Angeles,CA,USA,Real Estate,31,5723737
682,daviesllc.com,DaviesLLC,Paris,,France,Education,74,6219195
683,byrdinc.com,ByrdInc,San Francisco,CA,USA,Healthcare,92,7171811
684,rogers-hopkins.com,Rogers-Hopkins,San Francisco,CA,USA,Manufacturing,35,4504071
685,brown-roberts.com,Brown-Roberts,London,England,UK,Finance,46,5356601
686,floresanthonyandanderson.com,FloresAnthonyandAnderson,Seattle,WA,USA,Education,69,7642105
687,johnsoninc.com,JohnsonInc,San Francisco,CA,USA,Retail,62,5658416
688,burnettleeandkaufman.com,BurnettLeeandKaufman,Los Angeles,CA,USA,Retail,82,7084664
689,keithburkeandlee.com,KeithBurkeandLee,Paris,,France,Education,9,6284346
690,adamsllc.com,AdamsLLC,Boston,MA,USA,Healthcare,43,6343074
691,chanllc.com,ChanLLC,Los Angeles,CA,USA,Retail,99,9099884
692,evansltd.com,EvansLtd,San Francisco,CA,USA,Real Estate,42,7012125
693,smith-smith.com,Smith-Smith,Seattle,WA,USA,Technology,71,4340285
694,burnett-mcguire.com,Burnett-Mcguire,Seattle,WA,USA,Finance,75,8277911
695,williams-thornton.com,Williams-Thornton,Austin,TX,USA,Finance,92,595039
696,rodriguezpierceandcastillo.com,RodriguezPierceandCastillo,Los Angeles,CA,USA,Real Estate,70,7076565
697,hall-miles.com,Hall-Miles,Boston,MA,USA,Real Estate,9,6977327
698,wilsongroup.com,WilsonGroup,London,England,UK,Technology,48,3210260
699,pecktrujilloandnorton.com,PeckTrujilloandNorton,Miami,FL,USA,Healthcare,33,4614082
700,jones-vazquez.com,Jones-Vazquez,New York,NY,USA,Real Estate,44,2206889
701,williamsmcgeeandashley.com,WilliamsMcgeeandAshley,Chicago,IL,USA,Finance,7,4471920
702,blevinsandsons.com,BlevinsandSons,London,England,UK,Finance,83,7240686
703,grahamtannerandcoleman.com,GrahamTannerandColeman,San Francisco,CA,USA,Healthcare,36,5872745
704,perez-willis.com,Perez-Willis,Austin,TX,USA,Manufacturing,70,1753148
705,perrywellsandevans.com,PerryWellsandEvans,Seattle,WA,USA,Technology,28,8776150
706,mccarthyltd.com,MccarthyLtd,Paris,,France,Retail,89,276702
707,lopezcookandpatterson.com,LopezCookandPatterson,Miami,FL,USA,Healthcare,49,7114243
708,serrano-wright.com,Serrano-Wright,Seattle,WA,USA,Retail,75,4965078
709,martinezandsons.com,MartinezandSons,San Francisco,CA,USA,Education,83,3815086
710,rowlandllc.com,RowlandLLC,Boston,MA,USA,Real Estate,51,9366641
711,fleming-fischer.com,Fleming-Fischer,Austin,TX,USA,Technology,49,7278747
712,millerllc.com,MillerLLC,Boston,MA,USA,Education,43,7723719
713,morrisgroup.com,MorrisGroup,Los Angeles,CA,USA,Healthcare,60,2178046
714,holmesplc.com,HolmesPLC,London,England,UK,Real Estate,11,8713769
715,duartellc.com,DuarteLLC,San Francisco,CA,USA,Real Estate,25,3648742
716,nguyengroup.com,NguyenGroup,Paris,,France,Technology,13,5362628
717,sparks-bennett.com,Sparks-Bennett,Boston,MA,USA,Finance,90,5282928
718,torresinc.com,TorresInc,New York,NY,USA,Technology,44,3155860
719,olsenbaileyanddaniel.com,OlsenBaileyandDaniel,Seattle,WA,USA,Healthcare,13,4273491
720,millergillespieandmeyers.com,MillerGillespieandMeyers,Austin,TX,USA,Real Estate,44,9590568
721,morrisgomezandbrown.com,MorrisGomezandBrown,Los Angeles,CA,USA,Retail,70,8225001
722,goodjacksonandmaldonado.com,GoodJacksonandMaldonado,New York,NY,USA,Education,27,1804665
723,swansonnelsonandingram.com,SwansonNelsonandIngram,Boston,MA,USA,Healthcare,85,2416172
724,whiteparkerandjohnson.com,WhiteParkerandJohnson,Chicago,IL,USA,Technology,47,3304708
725,osborne-hernandez.com,Osborne-Hernandez,Chicago,IL,USA,Real Estate,72,8808430
726,scotthaleandmunoz.com,ScottHaleandMunoz,Miami,FL,USA,Retail,5,881610
727,hernandez-white.com,Hernandez-White,Seattle,WA,USA,Retail,46,8294235
728,boltondelgadoandhoward.com,BoltonDelgadoandHoward,New York,NY,USA,Healthcare,96,2763811
729,berryllc.com,BerryLLC,San Francisco,CA,USA,Real Estate,67,7693958
730,washingtonreedandmueller.com,WashingtonReedandMueller,Seattle,WA,USA,Technology,84,9407598
731,spencegroup.com,SpenceGroup,San Francisco,CA,USA,Finance,71,4320791
732,baker-jackson.com,Baker-Jackson,Seattle,WA,USA,Retail,27,3020394
733,garcia-macias.com,Garcia-Macias,New York,NY,USA,Retail,25,8064332
734,mahoneysanchezandwatson.com,MahoneySanchezandWatson,Miami,FL,USA,Retail,91,4117596
735,king-diaz.com,King-Diaz,London,England,UK,Manufacturing,24,6201946
736,gonzalezltd.com,GonzalezLtd,Seattle,WA,USA,Finance,6,2597123
737,schneiderandsons.com,SchneiderandSons,Austin,TX,USA,Retail,32,9650916
738,hernandezbartlettandhanson.com,HernandezBartlettandHanson,Paris,,France,Real Estate,16,3940839
739,olsonballandgomez.com,OlsonBallandGomez,Paris,,France,Education,18,4654542
740,sampsonchristianandadams.com,SampsonChristianandAdams,Seattle,WA,USA,Retail,80,5207355
741,tannerbergandgarcia.com,TannerBergandGarcia,Austin,TX,USA,Healthcare,7,1651449
742,olson-bailey.com,Olson-Bailey,Los Angeles,CA,USA,Finance,56,9975495
743,ingramgroup.com,IngramGroup,Austin,TX,USA,Retail,44,4305941
744,perezgroup.com,PerezGroup,Boston,MA,USA,Finance,6,2869601
745,villajonesandmartinez.com,VillaJonesandMartinez,Seattle,WA,USA,Healthcare,94,630194
746,powellgroup.com,PowellGroup,Boston,MA,USA,Retail,5,402624
747,henderson-mitchell.com,Henderson-Mitchell,Seattle,WA,USA,Retail,33,7967444
748,powellmeyersandspencer.com,PowellMeyersandSpencer,Boston,MA,USA,Finance,22,1803721
749,patterson-reid.com,Patterson-Reid,Boston,MA,USA,Real Estate,55,1585912
750,davistaylorandmurphy.com,DavisTaylorandMurphy,Seattle,WA,USA,Technology,42,4053454
751,kanebanksandpadilla.com,KaneBanksandPadilla,London,England,UK,Healthcare,92,6059110
752,serranodavisandbuchanan.com,SerranoDavisandBuchanan,San Francisco,CA,USA,Technology,25,8237551
753,sweeney-davis.com,Sweeney-Davis,Paris,,France,Manufacturing,28,5318847
754,stewart-kelly.com,Stewart-Kelly,Miami,FL,USA,Technology,52,880965
755,wiley-bennett.com,Wiley-Bennett,Seattle,WA,USA,Technology,68,4643683
756,wilsonllc.com,WilsonLLC,Boston,MA,USA,Education,32,9462044
757,clarkplc.com,ClarkPLC,Chicago,IL,USA,Manufacturing,84,354078
758,singletonshepherdandstewart.com,SingletonShepherdandStewart,Paris,,France,Real Estate,65,6244078
759,davisbellandhorne.com,DavisBellandHorne,Chicago,IL,USA,Healthcare,9,1222177
760,reed-craig.com,Reed-Craig,Seattle,WA,USA,Real Estate,8,8588782
761,cobbcamachoandcantu.com,CobbCamachoandCantu,San Francisco,CA,USA,Finance,17,4505136
762,bullockltd.com,BullockLtd,Los Angeles,CA,USA,Real Estate,30,7759693
763,parkturnerandfisher.com,ParkTurnerandFisher,Austin,TX,USA,Healthcare,57,8688714
764,mathewsjonesandjones.com,MathewsJonesandJones,Boston,MA,USA,Real Estate,64,1091250
765,bauer-williamson.com,Bauer-Williamson,Chicago,IL,USA,Manufacturing,96,9592679
766,morenoplc.com,MorenoPLC,Boston,MA,USA,Manufacturing,43,1732299
767,housemaddoxandrollins.com,HouseMaddoxandRollins,Austin,TX,USA,Healthcare,33,8950483
768,randolph-goodwin.com,Randolph-Goodwin,San Francisco,CA,USA,Technology,59,3518302
769,diaz-ramos.com,Diaz-Ramos,San Francisco,CA,USA,Education,76,836977
770,lyons-wheeler.com,Lyons-Wheeler,Miami,FL,USA,Healthcare,62,3812045
771,hebertltd.com,HebertLtd,New York,NY,USA,Technology,69,2506972
772,wyattplc.com,WyattPLC,New York,NY,USA,Healthcare,73,1222817
773,alvarezfloresandgonzales.com,AlvarezFloresandGonzales,Chicago,IL,USA,Retail,83,3709055
774,riverainc.com,RiveraInc,New York,NY,USA,Retail,54,1505763
775,wilsonbrooksandscott.com,WilsonBrooksandScott,San Francisco,CA,USA,Retail,90,6566230
776,pham-moore.com,Pham-Moore,Boston,MA,USA,Education,57,6402457
777,reyesllc.com,ReyesLLC,Miami,FL,USA,Retail,31,9046524
778,johnsonvaughnandjefferson.com,JohnsonVaughnandJefferson,San Francisco,CA,USA,Technology,79,5162706
779,gutierrezgonzalesandmoss.com,GutierrezGonzalesandMoss,London,England,UK,Real Estate,77,4629554
780,bradfordplc.com,BradfordPLC,Paris,,France,Healthcare,92,5895061
781,kruegerkingandrusso.com,KruegerKingandRusso,New York,NY,USA,Real Estate,97,9798410
782,calhoun-friedman.com,Calhoun-Friedman,Miami,FL,USA,Finance,20,146699
783,barnettrichardsandscott.com,BarnettRichardsandScott,New York,NY,USA,Finance,60,6984765
784,quinnwoodandschultz.com,QuinnWoodandSchultz,Boston,MA,USA,Retail,17,8658054
785,collins-king.com,Collins-King,New York,NY,USA,Technology,14,9642627
786,torres-johnson.com,Torres-Johnson,San Francisco,CA,USA,Manufacturing,13,9729893
787,holmesyatesandmorris.com,HolmesYatesandMorris,Los Angeles,CA,USA,Manufacturing,16,394144
788,greengroup.com,GreenGroup,London,England,UK,Education,48,3546790
789,schmittsnyderandrojas.com,SchmittSnyderandRojas,Boston,MA,USA,Finance,91,7406583
790,riosandersonandkirk.com,RiosAndersonandKirk,Paris,,France,Retail,98,9671383
791,cookplc.com,CookPLC,Los Angeles,CA,USA,Healthcare,25,615531
792,maybrownandhendricks.com,MayBrownandHendricks,New York,NY,USA,Healthcare,57,9064056
793,brown-gross.com,Brown-Gross,New York,NY,USA,Technology,43,3608212
794,adamsinc.com,AdamsInc,Miami,FL,USA,Education,71,7664962
795,boyersotoandwright.com,BoyerSotoandWright,San Francisco,CA,USA,Education,30,5141990
796,mcclainosborneandford.com,McclainOsborneandFord,San Francisco,CA,USA,Retail,84,1284795
797,waltonboltonandlewis.com,WaltonBoltonandLewis,Paris,,France,Retail,41,1846605
798,brown-thomas.com,Brown-Thomas,Miami,FL,USA,Finance,85,511649
799,trujillowilliamsandhardy.com,TrujilloWilliamsandHardy,Boston,MA,USA,Manufacturing,12,3175348
800,floresmillerandperez.com,FloresMillerandPerez,Los Angeles,CA,USA,Education,40,798920
801,scottmannandrhodes.com,ScottMannandRhodes,Paris,,France,Real Estate,30,351769
802,jimenez-lopez.com,Jimenez-Lopez,Paris,,France,Healthcare,60,926858
803,gilmore-mullen.com,Gilmore-Mullen,Boston,MA,USA,Finance,49,7593073
804,ballardboyerandjohnson.com,BallardBoyerandJohnson,Austin,TX,USA,Education,25,4941288
805,nelsoncooperandmartinez.com,NelsonCooperandMartinez,London,England,UK,Retail,22,9306728
806,reeves-smith.com,Reeves-Smith,London,England,UK,Retail,92,5178063
807,jonesgroup.com,JonesGroup,Austin,TX,USA,Retail,32,5590207
808,johnson-horn.com,Johnson-Horn,Austin,TX,USA,Real Estate,70,4089981
809,carey-ramirez.com,Carey-Ramirez,New York,NY,USA,Manufacturing,43,2235733
810,marshinc.com,MarshInc,Miami,FL,USA,Manufacturing,15,6017465
811,roblesinc.com,RoblesInc,Paris,,France,Technology,70,9080009
812,martingroup.com,MartinGroup,Seattle,WA,USA,Technology,11,9794891
813,stevenson-clark.com,Stevenson-Clark,Seattle,WA,USA,Finance,62,5923994
814,hayesinc.com,HayesInc,New York,NY,USA,Retail,77,8904121
815,parker-gonzalez.com,Parker-Gonzalez,Boston,MA,USA,Technology,15,8582923
816,gardnerltd.com,GardnerLtd,San Francisco,CA,USA,Healthcare,32,8413151
817,haynesreedandmolina.com,HaynesReedandMolina,Boston,MA,USA,Real Estate,99,7010993
818,griffin-collins.com,Griffin-Collins,London,England,UK,Manufacturing,53,2400568
819,greenbanksandbennett.com,GreenBanksandBennett,New York,NY,USA,Technology,78,8345078
820,matagroup.com,MataGroup,Chicago,IL,USA,Manufacturing,76,9360900
821,allen-perry.com,Allen-Perry,Seattle,WA,USA,Healthcare,82,8252178
822,carpentergroup.com,CarpenterGroup,Los Angeles,CA,USA,Finance,46,1752543
823,jameshermanandhart.com,JamesHermanandHart,New York,NY,USA,Technology,16,1160811
824,ochoaltd.com,OchoaLtd,London,England,UK,Retail,5,9239896
825,torresinc.com,TorresInc,Paris,,France,Finance,35,2046423
826,hannamartinandlopez.com,HannaMartinandLopez,Chicago,IL,USA,Retail,58,3999253
827,warnerrileyandgreen.com,WarnerRileyandGreen,New York,NY,USA,Education,16,5506187
828,gibbsllc.com,GibbsLLC,Austin,TX,USA,Manufacturing,9,6635934
829,coleramirezandkelly.com,ColeRamirezandKelly,Chicago,IL,USA,Technology,85,7488229
830,williamsbishopandwilliams.com,WilliamsBishopandWilliams,London,England,UK,Real Estate,28,5090890
831,bullockinc.com,BullockInc,London,England,UK,Healthcare,8,5692292
832,pierce-lutz.com,Pierce-Lutz,Los Angeles,CA,USA,Finance,22,4925546
833,castaneda-gross.com,Castaneda-Gross,Austin,TX,USA,Technology,82,8662125
834,nobleinc.com,NobleInc,Austin,TX,USA,Healthcare,80,4578766
835,coffey-garcia.com,Coffey-Garcia,Boston,MA,USA,Manufacturing,84,8957368
836,pateltaylorandramirez.com,PatelTaylorandRamirez,Paris,,France,Finance,100,724102
837,miller-freeman.com,Miller-Freeman,Los Angeles,CA,USA,Real Estate,32,8645578
838,moore-hawkins.com,Moore-Hawkins,London,England,UK,Retail,28,7300613
839,gomezbutlerandriley.com,GomezButlerandRiley,Seattle,WA,USA,Technology,58,7660259
840,harrismurphyandspears.com,HarrisMurphyandSpears,New York,NY,USA,Manufacturing,27,221517
841,mcleanltd.com,McleanLtd,Austin,TX,USA,Finance,81,3835522
842,hessaguilarandobrien.com,HessAguilarandObrien,Boston,MA,USA,Healthcare,55,3635477
843,villarreal-hogan.com,Villarreal-Hogan,Paris,,France,Technology,76,7175252
844,yanginc.com,YangInc,Los Angeles,CA,USA,Manufacturing,32,2408430
845,johnson-cannon.com,Johnson-Cannon,London,England,UK,Real Estate,96,6714904
846,sanchez-mccall.com,Sanchez-Mccall,New York,NY,USA,Finance,59,2097272
847,jones-johnson.com,Jones-Johnson,San Francisco,CA,USA,Retail,5,1389034
848,changburchandlowe.com,ChangBurchandLowe,San Francisco,CA,USA,Technology,15,5659890
849,mitchellllc.com,MitchellLLC,Boston,MA,USA,Real Estate,32,6543659
850,hodges-hernandez.com,Hodges-Hernandez,Seattle,WA,USA,Real Estate,88,6524068
851,lam-gilbert.com,Lam-Gilbert,Seattle,WA,USA,Real Estate,97,9882610
852,millerplc.com,MillerPLC,Paris,,France,Healthcare,66,4545466
853,lambertschwartzandhayden.com,LambertSchwartzandHayden,Miami,FL,USA,Education,50,6891902
854,reyescooperandsmith.com,ReyesCooperandSmith,Seattle,WA,USA,Finance,75,9183721
855,ruizltd.com,RuizLtd,Austin,TX,USA,Technology,93,5416787
856,dixonltd.com,DixonLtd,New York,NY,USA,Retail,37,6757396
857,mccarthyandsons.com,MccarthyandSons,Los Angeles,CA,USA,Healthcare,90,6692047
858,bellbrownandwagner.com,BellBrownandWagner,San Francisco,CA,USA,Technology,76,509982
859,garner-gaines.com,Garner-Gaines,San Francisco,CA,USA,Retail,58,1020727
860,ray-rodriguez.com,Ray-Rodriguez,London,England,UK,Education,68,6738036
861,gonzalez-peck.com,Gonzalez-Peck,Paris,,France,Healthcare,16,8345177
862,riveraltd.com,RiveraLtd,Los Angeles,CA,USA,Retail,62,1329789
863,cook-weber.com,Cook-Weber,Paris,,France,Education,46,6988895
864,silva-nguyen.com,Silva-Nguyen,Seattle,WA,USA,Education,37,9117867
865,brock-mercado.com,Brock-Mercado,Miami,FL,USA,Healthcare,13,1922977
866,jones-bailey.com,Jones-Bailey,Los Angeles,CA,USA,Manufacturing,60,808184
867,ligroup.com,LiGroup,Boston,MA,USA,Healthcare,29,1424018
868,murphyjonesandjones.com,MurphyJonesandJones,New York,NY,USA,Real Estate,99,7059895
869,baker-griffith.com,Baker-Griffith,New York,NY,USA,Education,17,2351968
870,heathgroup.com,HeathGroup,Austin,TX,USA,Retail,24,2124064
871,mortonalexanderanddeleon.com,MortonAlexanderandDeleon,New York,NY,USA,Healthcare,9,1971402
872,thompsongroup.com,ThompsonGroup,Miami,FL,USA,Technology,49,374016
873,chapmanorrandmaxwell.com,ChapmanOrrandMaxwell,Miami,FL,USA,Retail,58,9784508
874,ortiz-gomez.com,Ortiz-Gomez,Seattle,WA,USA,Finance,85,956831
875,harriswelchandjones.com,HarrisWelchandJones,Austin,TX,USA,Healthcare,58,7184329
876,hallroblesandallen.com,HallRoblesandAllen,London,England,UK,Education,17,4100573
877,grahamwilliamsandmyers.com,GrahamWilliamsandMyers,Seattle,WA,USA,Finance,28,8469039
878,mcintoshltd.com,McintoshLtd,Chicago,IL,USA,Finance,31,6441706
879,wallace-johnson.com,Wallace-Johnson,London,England,UK,Retail,7,6055374
880,robinson-wright.com,Robinson-Wright,San Francisco,CA,USA,Real Estate,30,5452509
881,gardnerltd.com,GardnerLtd,New York,NY,USA,Healthcare,73,5589011
882,blake-norris.com,Blake-Norris,Miami,FL,USA,Education,34,433162
883,pittsgroup.com,PittsGroup,Paris,,France,Finance,71,4946381
884,johnsonbakerandsantiago.com,JohnsonBakerandSantiago,Miami,FL,USA,Retail,76,8498625
885,martinez-clark.com,Martinez-Clark,Seattle,WA,USA,Technology,53,5567338
886,harris-oconnor.com,Harris-Oconnor,San Francisco,CA,USA,Retail,30,9645054
887,wheeler-frank.com,Wheeler-Frank,New York,NY,USA,Healthcare,6,5705968
888,sanchezsmithandhardin.com,SanchezSmithandHardin,Miami,FL,USA,Education,74,6336894
889,dyerrandolphandaustin.com,DyerRandolphandAustin,Boston,MA,USA,Real Estate,49,9585029
890,herrerablakeandmorris.com,HerreraBlakeandMorris,Paris,,France,Education,60,3597645
891,roy-carter.com,Roy-Carter,Seattle,WA,USA,Manufacturing,15,5844962
892,webstergallowayandhooper.com,WebsterGallowayandHooper,Los Angeles,CA,USA,Manufacturing,25,9307691
893,browning-sanchez.com,Browning-Sanchez,Los Angeles,CA,USA,Technology,15,3959433
894,smithgroup.com,SmithGroup,Boston,MA,USA,Technology,78,1624639
895,camposgloverandherrera.com,CamposGloverandHerrera,New York,NY,USA,Retail,18,7032905
896,andrewsnelsonandyates.com,AndrewsNelsonandYates,Seattle,WA,USA,Finance,31,6536775
897,green-thompson.com,Green-Thompson,Paris,,France,Education,91,6087855
898,mccormick-kelly.com,Mccormick-Kelly,Seattle,WA,USA,Healthcare,53,2637265
899,walker-proctor.com,Walker-Proctor,Paris,,France,Education,96,133959
900,randallmaddoxandmoon.com,RandallMaddoxandMoon,Paris,,France,Technology,39,5995075
901,bradley-sanders.com,Bradley-Sanders,Los Angeles,CA,USA,Education,9,7946844
902,wilson-black.com,Wilson-Black,Paris,,France,Real Estate,62,374437
903,murphymckinneyandwilson.com,MurphyMckinneyandWilson,Miami,FL,USA,Retail,11,1137081
904,reedltd.com,ReedLtd,Austin,TX,USA,Manufacturing,13,6425258
905,johnson-sanchez.com,Johnson-Sanchez,Boston,MA,USA,Technology,79,4430994
906,day-edwards.com,Day-Edwards,London,England,UK,Technology,72,9776153
907,wolfandsons.com,WolfandSons,Austin,TX,USA,Real Estate,90,9495978
908,gonzalezgroup.com,GonzalezGroup,San Francisco,CA,USA,Education,71,7844723
909,fordwilliamsonandlutz.com,FordWilliamsonandLutz,London,England,UK,Technology,84,5374773
910,millerltd.com,MillerLtd,Paris,,France,Technology,58,2364615
911,hortonandsons.com,HortonandSons,New York,NY,USA,Real Estate,21,6830297
912,longgroup.com,LongGroup,Boston,MA,USA,Education,42,1926739
913,hartmanbaileyandharding.com,HartmanBaileyandHarding,Austin,TX,USA,Retail,77,5726077
914,marquez-berry.com,Marquez-Berry,Boston,MA,USA,Manufacturing,87,3922748
915,woodward-brown.com,Woodward-Brown,London,England,UK,Retail,45,9933414
916,hall-bradshaw.com,Hall-Bradshaw,San Francisco,CA,USA,Technology,33,1601896
917,murillopatelandwright.com,MurilloPatelandWright,Chicago,IL,USA,Technology,55,5833931
918,santiago-bond.com,Santiago-Bond,San Francisco,CA,USA,Manufacturing,21,6635057
919,ray-jones.com,Ray-Jones,London,England,UK,Finance,93,6554982
920,whitepetersonandsullivan.com,WhitePetersonandSullivan,Chicago,IL,USA,Healthcare,95,1114734
921,moss-matthews.com,Moss-Matthews,New York,NY,USA,Finance,19,3020999
922,jacobson-hoffman.com,Jacobson-Hoffman,Boston,MA,USA,Real Estate,56,8598940
923,schmidtphillipsandwilkins.com,SchmidtPhillipsandWilkins,New York,NY,USA,Technology,44,9438689
924,george-garcia.com,George-Garcia,Los Angeles,CA,USA,Technology,37,2278212
925,sextongroup.com,SextonGroup,San Francisco,CA,USA,Technology,17,9446852
926,finley-martinez.com,Finley-Martinez,Austin,TX,USA,Manufacturing,73,2369523
927,fernandezwilliamsanddeleon.com,FernandezWilliamsandDeleon,Seattle,WA,USA,Manufacturing,97,1675365
928,grahaminc.com,GrahamInc,Austin,TX,USA,Retail,20,5012534
929,andersoninc.com,AndersonInc,Seattle,WA,USA,Technology,34,8342555
930,millernobleandbaker.com,MillerNobleandBaker,Miami,FL,USA,Healthcare,18,8312841
931,haley-peterson.com,Haley-Peterson,San Francisco,CA,USA,Manufacturing,60,2487966
932,changjohnsonandcole.com,ChangJohnsonandCole,Boston,MA,USA,Healthcare,53,4828384
933,lopezthomasandcolon.com,LopezThomasandColon,Seattle,WA,USA,Manufacturing,19,8369258
934,longmurrayandward.com,LongMurrayandWard,Seattle,WA,USA,Real Estate,73,4153373
935,davis-gray.com,Davis-Gray,Chicago,IL,USA,Manufacturing,45,6691998
936,campbellltd.com,CampbellLtd,New York,NY,USA,Manufacturing,87,8385775
937,lane-fernandez.com,Lane-Fernandez,Chicago,IL,USA,Technology,6,9505108
938,campbellbradleyandcurry.com,CampbellBradleyandCurry,Miami,FL,USA,Education,53,1891939
939,millermatthewsandflores.com,MillerMatthewsandFlores,London,England,UK,Finance,72,393528
940,mannclineandjackson.com,MannClineandJackson,Boston,MA,USA,Real Estate,5,1527891
941,alexanderllc.com,AlexanderLLC,Austin,TX,USA,Technology,54,3194334
942,sanchezgroup.com,SanchezGroup,Miami,FL,USA,Education,57,6957971
943,maygroup.com,MayGroup,Seattle,WA,USA,Retail,67,2476935
944,jones-garcia.com,Jones-Garcia,Seattle,WA,USA,Education,35,2007046
945,weaver-johnson.com,Weaver-Johnson,Boston,MA,USA,Finance,8,5533891
946,barker-caldwell.com,Barker-Caldwell,Paris,,France,Technology,55,9327928
947,taylornorrisandcobb.com,TaylorNorrisandCobb,Boston,MA,USA,Technology,51,8560739
948,hardyinc.com,HardyInc,New York,NY,USA,Real Estate,46,9953083
949,williams-aguilar.com,Williams-Aguilar,Los Angeles,CA,USA,Real Estate,78,6449201
950,robinsoninc.com,RobinsonInc,Boston,MA,USA,Real Estate,32,9278007
951,miller-howard.com,Miller-Howard,Seattle,WA,USA,Education,53,3374248
952,franklingarciaandfoster.com,FranklinGarciaandFoster,Boston,MA,USA,Retail,43,3223946
953,cook-wiggins.com,Cook-Wiggins,San Francisco,CA,USA,Healthcare,53,7836779
954,ortiz-acosta.com,Ortiz-Acosta,San Francisco,CA,USA,Education,37,910866
955,watsonllc.com,WatsonLLC,Los Angeles,CA,USA,Healthcare,34,2588632
956,andersonburkeandoliver.com,AndersonBurkeandOliver,Los Angeles,CA,USA,Healthcare,38,7380497
957,molinagreenandpineda.com,MolinaGreenandPineda,San Francisco,CA,USA,Retail,97,6713862
958,nelsonfowlerandmiller.com,NelsonFowlerandMiller,San Francisco,CA,USA,Retail,43,7971230
959,morgan-taylor.com,Morgan-Taylor,Seattle,WA,USA,Retail,31,7537402
960,smith-mayer.com,Smith-Mayer,Paris,,France,Manufacturing,45,5880274
961,martinezcortezandjordan.com,MartinezCortezandJordan,San Francisco,CA,USA,Retail,62,1829486
962,millerplc.com,MillerPLC,San Francisco,CA,USA,Healthcare,28,7800486
963,johnsonltd.com,JohnsonLtd,London,England,UK,Retail,100,9668167
964,williamsllc.com,WilliamsLLC,Chicago,IL,USA,Retail,98,4267713
965,kennedyryanandwalter.com,KennedyRyanandWalter,Austin,TX,USA,Technology,13,2313680
966,clark-brown.com,Clark-Brown,Los Angeles,CA,USA,Education,18,873568
967,alvarezalexanderandramirez.com,AlvarezAlexanderandRamirez,New York,NY,USA,Finance,53,6886506
968,thomasdavisandhuffman.com,ThomasDavisandHuffman,Miami,FL,USA,Healthcare,95,5638863
969,herring-reyes.com,Herring-Reyes,London,England,UK,Education,36,4192769
970,forbesshepherdandhenry.com,ForbesShepherdandHenry,London,England,UK,Finance,55,1661196
971,woodplc.com,WoodPLC,Austin,TX,USA,Healthcare,34,6105741
972,garciallc.com,GarciaLLC,Miami,FL,USA,Real Estate,47,6279902
973,costamaloneandhawkins.com,CostaMaloneandHawkins,Paris,,France,Healthcare,66,3973939
974,long-warren.com,Long-Warren,Paris,,France,Real Estate,25,2393052
975,rodgersinc.com,RodgersInc,Chicago,IL,USA,Real Estate,35,9754081
976,morrisdavisandedwards.com,MorrisDavisandEdwards,New York,NY,USA,Healthcare,90,6092856
977,heath-cannon.com,Heath-Cannon,Los Angeles,CA,USA,Education,5,5312013
978,allen-roberts.com,Allen-Roberts,Los Angeles,CA,USA,Real Estate,47,5792756
979,arnoldandsons.com,ArnoldandSons,Boston,MA,USA,Real Estate,88,6777398
980,campbell-scott.com,Campbell-Scott,New York,NY,USA,Healthcare,68,7428606
981,brownltd.com,BrownLtd,Chicago,IL,USA,Real Estate,91,473802
982,simmons-schmidt.com,Simmons-Schmidt,Seattle,WA,USA,Technology,5,5970731
983,schultz-armstrong.com,Schultz-Armstrong,San Francisco,CA,USA,Real Estate,100,9964688
984,nguyenplc.com,NguyenPLC,London,England,UK,Technology,30,9351606
985,olsen-miller.com,Olsen-Miller,London,England,UK,Finance,54,2526812
986,milesplc.com,MilesPLC,Boston,MA,USA,Technology,18,1065214
987,brown-jones.com,Brown-Jones,Miami,FL,USA,Technology,10,5839445
988,paul-barnes.com,Paul-Barnes,Chicago,IL,USA,Technology,57,5574382
989,manning-williams.com,Manning-Williams,Seattle,WA,USA,Retail,15,7115034
990,gonzalez-snyder.com,Gonzalez-Snyder,New York,NY,USA,Education,53,3257872
991,garcia-welch.com,Garcia-Welch,Miami,FL,USA,Technology,7,1540852
992,jones-williams.com,Jones-Williams,Chicago,IL,USA,Education,75,7871013
993,stevensandsons.com,StevensandSons,San Francisco,CA,USA,Education,27,7963401
994,hernandezclarkandpham.com,HernandezClarkandPham,Seattle,WA,USA,Education,91,8093256
995,pollard-morgan.com,Pollard-Morgan,San Francisco,CA,USA,Healthcare,21,7802452
996,edwardsmezaandli.com,EdwardsMezaandLi,Seattle,WA,USA,Education,77,2488656
997,ericksonltd.com,EricksonLtd,Boston,MA,USA,Education,41,377717
998,hernandezllc.com,HernandezLLC,Austin,TX,USA,Manufacturing,50,9076095
999,rodgers-powell.com,Rodgers-Powell,Seattle,WA,USA,Retail,28,3918503
1000,mcdowell-little.com,Mcdowell-Little,Austin,TX,USA,Manufacturing,19,5184216
